frame_index,x0,y0,x2,y1,x4,y2,x6,y3,x8,y4,x10,y5,x12,y6,x14,y7,x16,y8,x18,y9,x20,y10,x22,y11,x24,y12,x26,y13,x28,y14,x30,y15,x32,y16,x34,y17,x36,y18,x38,y19,x40,y20,label
0,0,0,21,-20,41,-38,57,-56,74,-66,18,-66,31,-95,38,-110,44,-124,-1,-66,2,-101,3,-119,3,-134,-17,-62,-22,-94,-26,-111,-27,-123,-33,-56,-43,-77,-50,-88,-56,-99,a
1,0,0,20,-20,41,-39,57,-56,74,-67,18,-66,31,-95,38,-110,44,-124,-1,-66,2,-102,3,-120,3,-134,-17,-63,-22,-96,-26,-112,-26,-124,-33,-56,-43,-77,-49,-89,-55,-100,a
2,0,0,21,-21,41,-40,58,-56,74,-67,18,-67,31,-96,38,-112,44,-125,-1,-67,2,-103,3,-120,4,-135,-17,-63,-21,-95,-25,-112,-26,-125,-33,-57,-43,-78,-49,-90,-55,-101,a
3,0,0,21,-19,41,-39,57,-55,74,-67,17,-66,31,-96,38,-111,43,-124,-2,-65,2,-101,2,-119,3,-134,-17,-62,-22,-94,-26,-111,-27,-124,-33,-56,-43,-76,-50,-89,-56,-100,a
4,0,0,20,-20,41,-39,57,-55,74,-67,17,-66,30,-95,38,-111,44,-124,-2,-65,2,-101,2,-119,3,-134,-17,-62,-22,-94,-26,-110,-27,-124,-33,-56,-44,-76,-50,-89,-56,-100,a
5,0,0,20,-20,40,-39,56,-55,73,-67,16,-66,29,-95,36,-110,42,-125,-3,-65,0,-101,1,-119,1,-134,-18,-61,-23,-94,-27,-111,-27,-124,-34,-55,-44,-75,-51,-88,-56,-99,a
6,0,0,21,-20,41,-39,57,-56,74,-67,17,-66,29,-94,37,-110,43,-124,-2,-66,1,-101,2,-119,2,-134,-18,-61,-22,-94,-26,-110,-27,-124,-34,-55,-44,-76,-50,-88,-56,-100,a
7,0,0,20,-20,40,-39,56,-56,73,-67,16,-67,29,-95,36,-111,42,-124,-3,-66,0,-102,1,-120,2,-134,-18,-61,-23,-94,-26,-111,-27,-124,-34,-55,-44,-76,-50,-88,-57,-100,a
8,0,0,20,-20,40,-39,56,-56,73,-67,17,-66,29,-96,36,-111,42,-125,-3,-65,1,-102,1,-120,2,-135,-18,-62,-23,-95,-26,-111,-27,-125,-34,-56,-44,-76,-50,-89,-57,-100,a
9,0,0,20,-19,41,-38,56,-56,73,-66,17,-65,29,-95,37,-110,42,-124,-2,-65,1,-101,2,-119,2,-134,-18,-61,-23,-93,-26,-110,-27,-124,-34,-55,-44,-75,-50,-88,-57,-99,a
10,0,0,21,-19,41,-38,56,-56,73,-66,17,-65,29,-95,36,-110,42,-124,-2,-65,1,-101,2,-119,2,-134,-18,-61,-23,-94,-26,-110,-27,-124,-34,-55,-44,-76,-50,-88,-57,-99,a
11,0,0,20,-19,41,-38,56,-55,73,-66,17,-65,29,-95,36,-110,42,-124,-2,-65,1,-101,2,-119,2,-134,-18,-61,-23,-94,-26,-110,-27,-124,-34,-55,-44,-75,-50,-88,-57,-99,a
12,0,0,20,-20,40,-39,56,-56,73,-67,16,-66,29,-95,36,-111,43,-125,-3,-66,1,-102,2,-120,2,-135,-18,-61,-23,-94,-26,-111,-27,-125,-34,-55,-44,-76,-50,-89,-57,-101,a
13,0,0,20,-19,40,-37,56,-55,73,-67,16,-65,28,-94,36,-110,42,-124,-3,-65,0,-101,1,-119,1,-134,-19,-60,-23,-94,-27,-110,-28,-124,-35,-54,-44,-75,-51,-88,-57,-100,a
14,0,0,19,-20,39,-39,56,-56,72,-68,15,-66,28,-95,35,-111,41,-126,-4,-66,0,-101,0,-120,0,-135,-19,-62,-24,-94,-27,-111,-28,-125,-35,-56,-45,-76,-52,-89,-58,-100,a
15,0,0,21,-19,40,-38,56,-55,73,-67,16,-65,29,-94,36,-110,42,-125,-3,-64,0,-100,1,-119,1,-134,-18,-61,-23,-93,-27,-110,-27,-124,-34,-54,-44,-75,-51,-88,-56,-99,a
16,0,0,20,-20,40,-38,57,-56,73,-68,16,-66,29,-95,36,-111,42,-126,-3,-65,0,-101,1,-120,1,-135,-18,-61,-23,-94,-26,-111,-27,-125,-34,-55,-44,-76,-51,-88,-57,-100,a
17,0,0,20,-19,40,-37,57,-55,73,-67,16,-65,28,-94,36,-110,42,-125,-3,-65,0,-101,1,-119,1,-134,-18,-61,-23,-93,-26,-110,-27,-124,-34,-55,-44,-75,-51,-88,-56,-99,a
18,0,0,20,-20,40,-38,57,-56,73,-67,16,-66,29,-94,36,-111,42,-125,-3,-65,1,-101,1,-120,1,-135,-18,-61,-23,-94,-27,-111,-27,-125,-34,-55,-44,-76,-51,-88,-56,-100,a
19,0,0,19,-20,39,-38,56,-56,73,-68,15,-67,28,-95,36,-111,41,-126,-4,-66,0,-101,0,-120,0,-135,-19,-62,-24,-95,-28,-113,-28,-125,-35,-55,-45,-76,-52,-89,-57,-100,a
20,0,0,20,-20,40,-38,57,-56,74,-67,17,-66,29,-95,37,-111,42,-125,-2,-65,1,-101,1,-120,2,-135,-18,-61,-23,-95,-26,-112,-27,-124,-34,-55,-44,-76,-50,-88,-57,-100,a
21,0,0,20,-20,40,-39,56,-57,73,-68,15,-66,28,-95,36,-111,41,-126,-4,-65,0,-101,0,-120,0,-136,-19,-62,-24,-95,-27,-112,-28,-126,-35,-55,-45,-76,-51,-89,-57,-101,a
22,0,0,20,-20,40,-39,56,-57,73,-68,15,-66,28,-95,36,-111,41,-126,-4,-65,0,-101,0,-120,0,-136,-20,-62,-24,-95,-27,-112,-28,-126,-35,-55,-45,-76,-51,-89,-57,-101,a
23,0,0,20,-20,40,-38,56,-57,73,-68,16,-66,28,-96,35,-112,41,-127,-4,-66,0,-102,0,-120,0,-136,-19,-62,-23,-95,-27,-112,-28,-126,-35,-55,-44,-76,-51,-89,-57,-101,a
24,0,0,20,-21,40,-40,57,-58,73,-69,16,-67,28,-96,36,-113,41,-128,-3,-67,0,-103,1,-121,1,-137,-19,-63,-23,-96,-27,-113,-28,-127,-34,-57,-44,-77,-50,-90,-57,-102,a
25,0,0,21,-21,41,-39,57,-58,73,-69,16,-68,29,-96,36,-112,42,-127,-2,-67,1,-103,1,-122,1,-137,-19,-63,-23,-96,-26,-113,-27,-127,-34,-57,-44,-78,-50,-90,-57,-102,a
26,0,0,21,-21,41,-39,57,-58,73,-69,17,-67,29,-96,36,-112,42,-127,-2,-66,1,-103,1,-121,1,-137,-18,-62,-23,-95,-26,-112,-27,-127,-34,-56,-44,-77,-50,-90,-57,-102,a
27,0,0,20,-20,40,-39,56,-57,73,-68,16,-66,28,-96,36,-111,41,-126,-3,-65,0,-102,0,-120,1,-136,-19,-62,-24,-95,-27,-111,-28,-125,-35,-55,-45,-77,-51,-89,-57,-101,a
28,0,0,20,-20,40,-39,56,-57,73,-68,16,-66,28,-95,35,-111,41,-126,-3,-65,0,-102,0,-120,0,-136,-19,-62,-24,-95,-27,-111,-28,-125,-35,-55,-45,-76,-51,-89,-57,-101,a
29,0,0,19,-20,39,-38,56,-57,72,-68,15,-66,27,-95,35,-111,40,-126,-4,-65,-1,-101,-1,-120,0,-136,-20,-62,-24,-95,-28,-111,-29,-125,-35,-55,-46,-76,-52,-89,-58,-100,a
30,0,0,20,-19,40,-38,56,-56,73,-68,16,-66,28,-95,35,-111,41,-126,-3,-65,-1,-101,0,-119,0,-135,-19,-62,-24,-93,-28,-111,-28,-125,-35,-54,-45,-75,-52,-88,-57,-99,a
31,0,0,20,-20,40,-39,56,-57,72,-69,15,-67,27,-96,35,-113,40,-127,-4,-67,0,-102,0,-121,0,-136,-19,-62,-24,-95,-27,-112,-28,-127,-35,-56,-45,-76,-51,-89,-57,-100,a
32,0,0,20,-19,39,-39,56,-58,72,-70,14,-67,26,-96,32,-113,38,-128,-5,-65,-3,-101,-4,-120,-4,-136,-20,-61,-26,-94,-30,-111,-31,-125,-35,-53,-46,-74,-53,-87,-59,-99,a
33,0,0,20,-19,39,-38,54,-57,70,-71,12,-65,21,-95,27,-113,30,-129,-7,-64,-6,-98,-9,-120,-11,-135,-22,-59,-29,-91,-35,-109,-37,-122,-37,-50,-48,-70,-55,-83,-62,-95,a
34,0,0,20,-19,39,-38,54,-57,70,-71,12,-65,22,-95,27,-113,30,-129,-7,-64,-6,-98,-9,-119,-11,-135,-22,-59,-30,-92,-35,-109,-37,-122,-37,-50,-48,-70,-55,-83,-62,-95,a
35,0,0,18,-20,35,-40,49,-60,64,-75,7,-66,13,-97,15,-115,16,-131,-12,-64,-15,-98,-20,-118,-24,-134,-26,-57,-38,-88,-46,-105,-50,-119,-39,-46,-53,-65,-62,-77,-69,-89,a
36,0,0,18,-22,33,-42,45,-65,58,-82,4,-65,4,-96,4,-116,1,-133,-13,-61,-22,-95,-28,-115,-34,-132,-28,-54,-43,-82,-53,-99,-61,-114,-41,-44,-57,-61,-67,-71,-76,-81,a
37,0,0,17,-22,32,-43,43,-65,55,-83,2,-63,-4,-96,-6,-114,-11,-131,-15,-57,-27,-90,-34,-110,-39,-127,-30,-50,-46,-77,-57,-94,-64,-108,-41,-39,-59,-55,-70,-64,-81,-73,a
38,0,0,15,-22,26,-45,35,-69,45,-90,-2,-64,-12,-92,-17,-109,-23,-126,-19,-57,-32,-86,-36,-101,-36,-114,-32,-49,-47,-75,-51,-89,-55,-101,-42,-37,-61,-55,-67,-64,-74,-73,a
39,0,0,13,-23,23,-47,30,-70,39,-92,-5,-63,-20,-90,-23,-103,-25,-113,-22,-56,-36,-79,-37,-92,-34,-97,-34,-46,-47,-72,-47,-75,-41,-78,-40,-34,-56,-54,-52,-62,-44,-58,a
40,0,0,13,-23,23,-47,30,-70,39,-92,-5,-63,-20,-90,-23,-103,-25,-113,-22,-56,-36,-79,-37,-92,-34,-97,-34,-46,-47,-72,-47,-75,-41,-78,-40,-34,-56,-54,-52,-62,-44,-58,a
41,0,0,12,-23,22,-48,28,-72,37,-94,-6,-64,-19,-90,-23,-98,-23,-101,-22,-56,-35,-84,-34,-84,-26,-81,-33,-46,-44,-68,-39,-66,-24,-59,-42,-35,-49,-49,-39,-50,-29,-46,a
42,0,0,10,-25,17,-51,23,-75,29,-97,-14,-69,-26,-94,-26,-95,-20,-88,-27,-56,-39,-83,-30,-74,-19,-67,-34,-44,-44,-64,-29,-56,-16,-49,-42,-32,-43,-46,-30,-41,-20,-36,a
43,0,0,9,-23,16,-49,22,-73,27,-96,-10,-63,-25,-89,-23,-85,-17,-77,-25,-53,-38,-78,-26,-63,-18,-57,-34,-39,-44,-58,-31,-48,-19,-41,-42,-26,-44,-39,-35,-35,-27,-30,a
44,0,0,7,-26,11,-54,15,-78,21,-101,-13,-69,-29,-92,-26,-86,-20,-79,-25,-53,-40,-78,-28,-64,-19,-59,-34,-40,-44,-57,-32,-49,-19,-42,-43,-27,-47,-37,-39,-37,-30,-31,a
45,0,0,7,-28,9,-57,13,-82,17,-104,-12,-72,-27,-95,-23,-87,-18,-79,-25,-60,-37,-78,-25,-64,-17,-59,-35,-44,-41,-57,-29,-49,-19,-43,-43,-30,-46,-40,-38,-38,-29,-32,a
46,0,0,7,-28,9,-57,13,-82,18,-104,-12,-72,-26,-94,-24,-87,-18,-79,-25,-60,-37,-78,-25,-63,-18,-60,-35,-44,-42,-57,-30,-50,-19,-43,-43,-29,-46,-40,-38,-38,-29,-32,a
47,0,0,6,-28,6,-57,11,-82,16,-103,-12,-72,-25,-92,-22,-84,-14,-74,-25,-63,-36,-74,-22,-59,-15,-55,-34,-40,-41,-54,-26,-46,-17,-42,-42,-27,-45,-37,-36,-34,-28,-30,a
49,0,0,5,-26,6,-53,6,-79,11,-102,-13,-70,-21,-90,-18,-77,-10,-67,-23,-59,-33,-70,-20,-57,-15,-51,-34,-37,-38,-52,-27,-41,-19,-37,-41,-24,-45,-34,-36,-29,-30,-25,a
51,0,0,2,-30,2,-57,-2,-85,4,-104,-14,-69,-21,-94,-19,-78,-13,-70,-23,-49,-35,-73,-21,-59,-15,-54,-34,-36,-40,-54,-29,-44,-20,-40,-42,-26,-46,-38,-38,-35,-32,-28,a
52,0,0,3,-30,4,-57,-1,-85,5,-104,-13,-69,-20,-94,-18,-78,-12,-70,-22,-49,-34,-73,-20,-59,-14,-54,-33,-36,-39,-54,-28,-45,-19,-40,-41,-26,-45,-38,-37,-35,-30,-28,a
54,0,0,2,-31,3,-58,-4,-85,1,-104,-10,-64,-21,-94,-19,-79,-13,-71,-22,-47,-34,-73,-21,-59,-15,-54,-34,-36,-39,-54,-27,-44,-19,-39,-42,-26,-45,-38,-37,-35,-31,-27,a
55,0,0,3,-32,3,-59,-4,-85,1,-104,-13,-68,-21,-94,-18,-79,-13,-71,-25,-61,-34,-73,-21,-59,-15,-54,-36,-39,-39,-54,-24,-45,-18,-40,-43,-26,-44,-39,-33,-34,-28,-28,a
56,0,0,1,-32,2,-60,-5,-86,-1,-105,-13,-69,-23,-94,-20,-81,-14,-72,-26,-62,-35,-73,-22,-59,-16,-55,-37,-39,-40,-54,-25,-45,-20,-41,-44,-27,-44,-38,-35,-35,-29,-29,a
57,0,0,1,-33,0,-62,-7,-89,-3,-106,-15,-70,-25,-94,-22,-81,-16,-72,-26,-52,-36,-73,-23,-59,-17,-54,-38,-38,-41,-55,-26,-45,-20,-40,-44,-27,-46,-40,-36,-35,-30,-29,a
58,0,0,1,-33,0,-62,-7,-88,-3,-106,-15,-70,-25,-94,-22,-81,-16,-72,-26,-52,-36,-73,-23,-59,-17,-54,-38,-38,-41,-55,-26,-45,-20,-40,-44,-27,-45,-39,-36,-35,-30,-29,a
59,0,0,1,-32,0,-61,-7,-83,-4,-105,-18,-71,-26,-94,-22,-80,-16,-71,-27,-61,-36,-72,-23,-58,-17,-53,-39,-38,-41,-53,-25,-44,-20,-39,-45,-26,-44,-38,-34,-33,-29,-27,a
60,0,0,0,-34,0,-61,-8,-83,-6,-105,-15,-70,-26,-95,-23,-81,-18,-72,-26,-51,-37,-73,-24,-60,-19,-55,-38,-38,-42,-55,-29,-45,-22,-41,-45,-27,-46,-38,-37,-34,-30,-28,a
61,0,0,0,-32,0,-60,-8,-83,-6,-105,-13,-68,-27,-94,-23,-81,-18,-72,-26,-51,-36,-72,-24,-58,-18,-54,-41,-38,-42,-54,-28,-45,-22,-40,-45,-26,-46,-36,-34,-32,-28,-27,a
62,0,0,2,-31,3,-59,-6,-82,-5,-104,-12,-69,-25,-94,-21,-80,-16,-71,-25,-51,-35,-72,-22,-58,-17,-53,-39,-38,-40,-54,-26,-45,-20,-40,-44,-26,-44,-38,-31,-31,-27,-27,a
63,0,0,1,-31,2,-59,-7,-82,-5,-104,-15,-70,-26,-94,-22,-80,-17,-71,-26,-51,-36,-71,-24,-58,-18,-53,-39,-38,-41,-54,-27,-44,-21,-39,-45,-26,-44,-37,-33,-31,-28,-25,a
64,0,0,1,-31,1,-60,-7,-82,-5,-104,-15,-70,-26,-94,-22,-80,-17,-71,-27,-50,-36,-71,-24,-58,-18,-53,-39,-38,-41,-54,-27,-44,-21,-39,-45,-26,-45,-37,-33,-31,-28,-25,a
65,0,0,2,-31,1,-59,-7,-82,-5,-104,-14,-69,-26,-93,-21,-79,-15,-70,-26,-52,-36,-71,-24,-57,-17,-53,-39,-38,-41,-53,-27,-44,-21,-39,-45,-26,-46,-36,-35,-32,-29,-27,a
66,0,0,2,-31,2,-59,-7,-82,-5,-104,-12,-68,-26,-94,-22,-80,-17,-71,-24,-52,-35,-71,-24,-58,-18,-53,-38,-37,-40,-53,-27,-43,-20,-39,-44,-26,-43,-36,-34,-30,-28,-24,a
67,0,0,2,-32,1,-59,-7,-82,-5,-104,-12,-68,-26,-93,-21,-80,-16,-71,-24,-53,-35,-71,-24,-58,-17,-53,-36,-37,-40,-53,-28,-43,-21,-39,-44,-26,-45,-35,-36,-30,-31,-26,a
68,0,0,2,-31,2,-59,-7,-82,-5,-104,-12,-64,-25,-94,-21,-80,-16,-71,-24,-50,-35,-72,-23,-57,-18,-52,-37,-38,-40,-53,-30,-40,-22,-38,-43,-26,-45,-28,-37,-25,-32,-22,a
69,0,0,2,-31,3,-59,-6,-82,-4,-105,-13,-68,-25,-94,-20,-80,-15,-72,-25,-50,-34,-72,-23,-60,-17,-53,-37,-37,-40,-55,-28,-44,-21,-39,-43,-26,-44,-34,-35,-32,-29,-26,a
70,0,0,3,-31,3,-59,-6,-82,-4,-105,-13,-69,-25,-94,-20,-80,-15,-72,-25,-50,-34,-72,-23,-60,-17,-53,-37,-37,-40,-55,-28,-45,-20,-39,-44,-26,-43,-38,-35,-33,-28,-27,a
71,0,0,3,-32,2,-60,-5,-82,-4,-105,-13,-69,-24,-94,-20,-80,-14,-74,-25,-53,-34,-72,-22,-59,-16,-54,-38,-39,-39,-55,-25,-45,-19,-40,-44,-27,-42,-38,-33,-33,-28,-26,a
72,0,0,4,-31,4,-58,-4,-82,-2,-103,-12,-69,-23,-93,-19,-80,-13,-72,-24,-59,-33,-71,-20,-57,-15,-53,-37,-38,-38,-54,-24,-44,-18,-39,-43,-27,-41,-37,-33,-33,-27,-26,a
73,0,0,3,-31,3,-59,-6,-82,-4,-104,-14,-70,-24,-94,-19,-80,-13,-72,-26,-51,-34,-73,-22,-60,-16,-53,-38,-38,-39,-55,-26,-46,-19,-40,-45,-28,-43,-40,-35,-36,-29,-28,a
74,0,0,4,-31,3,-59,-5,-81,-2,-104,-14,-70,-23,-94,-19,-80,-14,-72,-25,-51,-33,-72,-22,-60,-15,-53,-37,-38,-39,-55,-24,-45,-19,-40,-44,-28,-43,-40,-35,-37,-29,-29,a
75,0,0,3,-32,3,-59,-5,-83,-2,-104,-14,-71,-23,-95,-19,-81,-13,-72,-25,-52,-32,-73,-20,-58,-14,-53,-38,-39,-38,-56,-24,-45,-18,-40,-43,-28,-41,-40,-33,-34,-28,-26,a
76,0,0,3,-32,3,-59,-5,-83,-2,-104,-14,-71,-23,-94,-19,-81,-13,-72,-25,-52,-32,-73,-20,-58,-14,-53,-38,-39,-38,-56,-24,-45,-18,-40,-43,-28,-42,-39,-33,-34,-28,-27,a
77,0,0,3,-32,2,-59,-5,-82,-2,-104,-14,-70,-23,-94,-20,-81,-14,-71,-26,-51,-33,-72,-21,-58,-15,-53,-39,-39,-39,-55,-25,-45,-19,-39,-44,-27,-43,-39,-34,-35,-28,-27,a
78,0,0,3,-32,3,-59,-4,-82,-1,-104,-13,-70,-22,-94,-19,-81,-13,-72,-24,-51,-32,-72,-20,-58,-14,-53,-37,-39,-37,-56,-23,-45,-18,-40,-43,-28,-42,-40,-34,-35,-28,-27,a
79,0,0,5,-30,4,-57,-3,-81,0,-102,-12,-69,-21,-93,-18,-79,-13,-70,-23,-50,-31,-70,-20,-56,-14,-51,-36,-37,-37,-53,-24,-43,-18,-38,-42,-25,-42,-33,-33,-31,-28,-24,a
80,0,0,4,-32,4,-60,-4,-83,-1,-105,-13,-71,-22,-95,-19,-82,-14,-74,-25,-52,-32,-74,-21,-61,-15,-55,-37,-42,-38,-57,-25,-47,-18,-41,-44,-30,-44,-42,-35,-38,-29,-31,a
0,0,0,20,-21,40,-39,57,-57,74,-68,13,-67,23,-97,27,-115,31,-130,-6,-64,-5,-101,-7,-121,-8,-137,-22,-59,-29,-95,-34,-111,-36,-126,-37,-52,-51,-72,-60,-83,-68,-94,b
1,0,0,20,-21,40,-39,57,-57,74,-68,13,-67,23,-98,27,-115,31,-130,-6,-64,-5,-101,-7,-121,-8,-137,-22,-59,-29,-95,-34,-111,-36,-126,-37,-52,-51,-72,-60,-83,-68,-94,b
2,0,0,20,-21,41,-38,58,-54,75,-67,14,-66,23,-97,28,-114,31,-131,-6,-63,-5,-100,-6,-121,-7,-137,-22,-59,-29,-94,-33,-111,-36,-126,-37,-52,-50,-72,-59,-83,-67,-95,b
3,0,0,21,-19,40,-36,58,-51,77,-62,14,-65,24,-96,30,-114,33,-131,-4,-64,-4,-101,-5,-121,-6,-137,-20,-60,-28,-94,-32,-111,-35,-126,-36,-52,-48,-72,-57,-84,-65,-96,b
4,0,0,20,-16,39,-31,56,-46,73,-55,16,-63,26,-92,32,-110,35,-127,-3,-62,-1,-97,-2,-118,-3,-134,-19,-58,-26,-92,-31,-108,-33,-124,-35,-51,-47,-70,-55,-82,-63,-94,b
5,0,0,19,-16,35,-31,46,-45,55,-53,17,-62,29,-92,35,-110,40,-126,-2,-63,1,-98,0,-118,0,-134,-18,-59,-24,-92,-30,-109,-31,-124,-34,-52,-45,-72,-53,-84,-60,-96,b
6,0,0,16,-13,29,-25,33,-39,34,-51,17,-61,31,-88,39,-106,45,-123,0,-62,4,-97,5,-117,7,-133,-16,-59,-20,-92,-24,-110,-24,-124,-33,-53,-41,-74,-48,-87,-54,-99,b
7,0,0,16,-13,29,-25,33,-39,34,-51,17,-61,31,-88,39,-106,45,-123,0,-62,4,-97,5,-117,6,-133,-16,-59,-20,-92,-24,-110,-24,-124,-33,-53,-41,-74,-48,-87,-54,-99,b
8,0,0,15,-10,28,-23,27,-37,23,-50,22,-61,36,-89,44,-105,52,-121,5,-65,10,-98,12,-117,14,-133,-12,-62,-14,-93,-16,-111,-16,-125,-28,-56,-36,-78,-40,-90,-44,-102,b
10,0,0,14,-9,26,-21,21,-37,11,-52,25,-59,39,-88,47,-104,53,-119,8,-63,16,-97,19,-114,23,-130,-7,-63,-5,-92,-3,-110,-2,-124,-23,-60,-24,-81,-25,-94,-24,-106,b
11,0,0,14,-8,26,-21,19,-38,9,-52,27,-59,39,-87,46,-103,52,-119,10,-64,18,-96,21,-114,25,-129,-5,-64,-1,-93,2,-110,4,-124,-20,-60,-18,-82,-18,-95,-16,-106,b
12,0,0,15,-8,27,-20,20,-37,10,-51,27,-58,39,-88,45,-104,49,-119,11,-62,19,-95,22,-114,25,-129,-3,-63,2,-92,6,-110,8,-123,-17,-60,-15,-81,-14,-94,-10,-107,b
13,0,0,15,-8,27,-20,20,-37,10,-51,27,-58,39,-88,45,-104,49,-119,11,-62,19,-95,22,-114,25,-129,-3,-63,2,-92,6,-110,8,-123,-17,-60,-15,-81,-13,-94,-10,-107,b
14,0,0,16,-9,30,-21,22,-39,10,-53,28,-61,40,-90,43,-106,45,-121,13,-64,20,-97,22,-115,24,-130,0,-65,5,-95,9,-112,12,-124,-14,-63,-11,-84,-9,-97,-4,-109,b
15,0,0,17,-10,33,-22,24,-40,12,-51,29,-61,39,-90,41,-108,42,-124,15,-65,22,-99,25,-117,26,-133,1,-66,7,-96,11,-113,14,-126,-12,-65,-8,-87,-6,-100,-1,-111,b
16,0,0,19,-10,36,-21,28,-39,13,-51,30,-61,38,-91,39,-111,38,-124,15,-66,24,-99,26,-118,27,-133,2,-65,8,-96,13,-114,15,-127,-11,-64,-7,-87,-5,-99,0,-111,b
17,0,0,18,-10,36,-20,27,-38,12,-50,30,-62,37,-92,38,-113,37,-125,15,-66,23,-99,26,-119,26,-133,2,-66,8,-96,13,-114,15,-128,-11,-64,-7,-87,-5,-99,0,-112,b
18,0,0,19,-10,40,-19,30,-38,13,-46,30,-61,37,-92,38,-111,37,-126,15,-65,23,-99,25,-119,26,-134,2,-66,9,-96,13,-115,15,-129,-12,-64,-7,-87,-5,-100,1,-113,b
19,0,0,19,-10,40,-19,30,-38,13,-46,30,-61,37,-92,38,-111,37,-126,15,-65,23,-99,25,-119,26,-134,2,-66,9,-96,13,-115,15,-129,-12,-64,-7,-87,-5,-100,1,-113,b
23,0,0,20,-13,44,-24,30,-39,12,-44,30,-63,35,-94,34,-115,32,-131,14,-65,21,-101,22,-122,21,-138,1,-66,7,-98,10,-118,11,-133,-13,-65,-8,-88,-6,-103,-2,-116,b
24,0,0,19,-14,43,-25,29,-40,10,-44,28,-64,32,-94,32,-115,29,-132,12,-66,18,-102,19,-122,17,-139,-1,-66,4,-99,7,-118,7,-133,-15,-65,-11,-89,-9,-103,-5,-116,b
25,0,0,19,-13,43,-25,29,-41,10,-44,28,-64,32,-94,32,-115,29,-132,12,-66,18,-102,18,-123,17,-140,-1,-66,4,-99,7,-118,7,-133,-15,-65,-11,-88,-10,-102,-5,-116,b
26,0,0,20,-13,45,-24,30,-40,11,-43,28,-63,33,-92,32,-114,29,-131,13,-66,18,-102,18,-122,17,-139,0,-66,5,-98,6,-117,7,-133,-14,-64,-11,-88,-9,-102,-6,-115,b
27,0,0,19,-12,43,-24,30,-39,11,-41,26,-63,31,-95,29,-116,27,-130,11,-66,17,-101,17,-122,17,-137,-2,-66,3,-97,5,-117,5,-132,-16,-64,-12,-88,-11,-101,-7,-114,b
28,0,0,20,-12,44,-24,31,-40,12,-41,28,-62,33,-92,31,-114,28,-130,13,-65,18,-101,18,-122,17,-137,-1,-66,4,-98,5,-116,6,-131,-15,-65,-10,-89,-9,-102,-6,-114,b
29,0,0,21,-13,45,-25,32,-40,13,-42,28,-64,33,-95,31,-116,29,-130,13,-66,19,-102,19,-123,18,-138,-1,-66,4,-99,6,-117,6,-133,-15,-65,-10,-88,-9,-102,-5,-115,b
30,0,0,20,-11,44,-23,31,-38,12,-41,28,-61,32,-93,31,-114,29,-129,12,-63,18,-100,18,-120,17,-136,-1,-64,4,-97,6,-115,6,-130,-16,-63,-10,-87,-9,-100,-6,-113,b
31,0,0,20,-11,44,-23,31,-38,12,-40,28,-62,32,-92,31,-113,29,-129,13,-64,18,-100,18,-121,17,-136,-1,-64,4,-97,5,-115,6,-130,-15,-63,-10,-87,-9,-101,-6,-113,b
32,0,0,20,-12,45,-24,32,-39,14,-40,29,-62,34,-93,33,-114,30,-129,14,-64,19,-100,19,-121,18,-137,1,-65,6,-97,8,-116,8,-131,-14,-64,-10,-87,-8,-101,-5,-114,b
33,0,0,21,-12,45,-24,32,-39,13,-40,29,-62,34,-91,33,-113,30,-129,14,-64,19,-101,19,-121,18,-136,0,-65,5,-98,7,-116,7,-131,-14,-64,-9,-88,-8,-102,-5,-114,b
34,0,0,20,-12,45,-23,32,-38,13,-40,28,-62,33,-92,32,-113,30,-128,13,-64,19,-100,19,-120,18,-136,0,-64,5,-97,7,-115,7,-130,-14,-62,-10,-86,-9,-100,-4,-113,b
35,0,0,20,-12,46,-25,32,-40,14,-42,28,-63,34,-95,32,-116,30,-130,13,-64,20,-102,19,-122,19,-138,0,-65,6,-98,7,-116,7,-132,-14,-64,-10,-87,-8,-101,-4,-114,b
36,0,0,21,-12,46,-24,32,-39,14,-41,29,-62,35,-93,34,-114,31,-130,14,-64,20,-101,20,-121,19,-138,1,-65,6,-98,9,-116,9,-131,-14,-64,-9,-87,-7,-101,-3,-114,b
37,0,0,21,-12,46,-24,32,-39,14,-41,29,-62,35,-93,34,-114,31,-130,14,-64,20,-101,20,-121,19,-138,1,-65,6,-98,9,-116,9,-131,-14,-64,-8,-88,-7,-101,-3,-114,b
38,0,0,21,-12,45,-24,32,-39,14,-41,29,-61,34,-92,33,-113,31,-129,14,-64,20,-100,20,-121,19,-136,1,-64,6,-97,8,-115,8,-130,-14,-64,-9,-87,-8,-101,-4,-113,b
39,0,0,21,-12,46,-25,31,-40,14,-41,29,-61,34,-93,34,-114,31,-130,14,-64,20,-101,20,-121,19,-138,0,-65,6,-98,8,-116,9,-131,-14,-63,-8,-87,-7,-101,-3,-114,b
40,0,0,21,-14,46,-26,32,-41,13,-43,29,-63,34,-95,34,-116,30,-131,14,-65,20,-102,20,-123,20,-139,0,-65,6,-100,8,-118,9,-133,-14,-65,-8,-89,-7,-103,-3,-116,b
41,0,0,20,-13,45,-25,32,-41,13,-42,29,-62,34,-94,33,-114,31,-130,14,-64,19,-101,20,-122,19,-138,0,-65,6,-98,8,-117,9,-132,-14,-64,-9,-88,-8,-102,-4,-115,b
42,0,0,21,-13,46,-26,33,-41,14,-43,29,-63,34,-93,33,-114,31,-130,14,-64,20,-102,20,-122,19,-138,1,-65,6,-98,8,-117,9,-132,-14,-65,-9,-88,-8,-102,-3,-115,b
43,0,0,21,-13,46,-24,33,-40,14,-41,29,-62,34,-93,33,-114,31,-130,14,-64,19,-101,20,-121,19,-137,0,-64,6,-97,8,-116,9,-131,-14,-63,-9,-87,-8,-101,-4,-114,b
44,0,0,20,-13,45,-25,32,-40,14,-42,29,-62,34,-93,34,-114,31,-130,14,-64,20,-101,20,-122,20,-137,0,-64,6,-97,9,-116,9,-132,-14,-63,-9,-87,-7,-102,-3,-114,b
45,0,0,20,-14,46,-26,32,-42,14,-43,29,-63,35,-94,34,-115,31,-131,14,-65,20,-102,21,-122,20,-138,0,-66,6,-99,8,-118,9,-133,-14,-65,-8,-89,-7,-103,-4,-115,b
46,0,0,21,-14,46,-26,32,-43,14,-43,29,-64,34,-94,34,-115,31,-131,14,-66,20,-102,20,-123,20,-140,1,-66,6,-99,9,-118,9,-134,-14,-65,-9,-89,-8,-103,-3,-116,b
47,0,0,21,-14,46,-26,33,-42,15,-43,30,-64,35,-94,34,-115,31,-131,14,-66,20,-103,21,-123,20,-139,1,-66,7,-99,9,-118,10,-133,-13,-65,-8,-89,-7,-103,-3,-116,b
48,0,0,21,-14,46,-27,33,-42,15,-43,29,-63,35,-94,34,-115,31,-131,14,-65,20,-102,20,-123,20,-140,1,-66,7,-99,9,-118,9,-133,-13,-65,-8,-89,-7,-103,-3,-116,b
49,0,0,21,-14,46,-27,33,-42,15,-43,29,-63,35,-94,34,-115,31,-131,14,-65,20,-102,20,-123,20,-139,1,-66,7,-99,9,-118,9,-133,-13,-65,-8,-89,-7,-103,-3,-116,b
50,0,0,21,-14,46,-26,33,-42,15,-43,30,-63,35,-93,34,-114,31,-131,14,-66,20,-102,21,-122,20,-139,1,-66,6,-99,9,-117,10,-133,-13,-65,-8,-89,-6,-103,-3,-115,b
51,0,0,21,-13,46,-26,34,-43,15,-43,30,-63,35,-94,34,-114,31,-131,14,-65,20,-102,21,-122,20,-139,1,-66,6,-99,9,-117,10,-133,-13,-65,-8,-88,-7,-102,-3,-115,b
52,0,0,21,-12,45,-26,33,-41,14,-42,29,-62,34,-93,34,-114,31,-129,14,-64,20,-101,20,-121,19,-137,0,-65,6,-98,9,-116,9,-131,-14,-64,-9,-87,-7,-101,-3,-114,b
53,0,0,21,-14,46,-26,34,-42,15,-43,30,-63,35,-94,35,-114,32,-130,14,-65,20,-102,21,-122,20,-138,1,-66,7,-98,9,-117,10,-133,-13,-65,-8,-89,-7,-102,-3,-115,b
54,0,0,21,-14,46,-27,33,-43,15,-43,30,-63,35,-93,34,-114,31,-130,14,-65,20,-102,21,-122,20,-139,1,-66,7,-99,9,-117,10,-133,-13,-65,-8,-89,-7,-102,-3,-115,b
55,0,0,21,-14,46,-27,33,-43,15,-43,30,-63,35,-93,34,-114,31,-130,14,-65,20,-102,21,-122,20,-139,1,-66,7,-99,9,-117,10,-133,-13,-65,-8,-89,-7,-102,-3,-115,b
56,0,0,21,-13,45,-26,32,-43,14,-42,29,-62,34,-93,33,-114,31,-129,14,-64,19,-101,20,-121,19,-137,0,-65,5,-98,8,-116,8,-131,-14,-64,-9,-87,-8,-101,-4,-114,b
0,0,0,20,-17,38,-38,51,-58,64,-72,10,-62,14,-93,16,-112,13,-125,-8,-59,-15,-93,-22,-114,-29,-127,-22,-53,-36,-83,-46,-99,-52,-113,-35,-43,-51,-59,-61,-68,-72,-78,c
1,0,0,21,-18,39,-39,53,-58,67,-72,10,-65,13,-94,15,-113,11,-127,-7,-62,-13,-96,-20,-116,-27,-131,-20,-55,-34,-85,-43,-103,-49,-117,-33,-45,-47,-62,-57,-72,-68,-84,c
2,0,0,20,-17,39,-36,56,-56,71,-69,10,-63,13,-92,14,-112,11,-129,-6,-62,-10,-94,-15,-116,-20,-133,-20,-57,-30,-87,-36,-104,-42,-120,-31,-47,-43,-65,-50,-77,-56,-88,c
3,0,0,19,-23,38,-42,55,-62,72,-76,10,-68,11,-97,12,-118,10,-138,-5,-66,-6,-97,-10,-121,-11,-139,-15,-61,-22,-90,-26,-108,-30,-126,-24,-52,-30,-70,-34,-81,-39,-93,c
4,0,0,19,-21,38,-40,56,-59,73,-72,9,-67,8,-94,9,-116,10,-133,-4,-64,-7,-92,-6,-114,-5,-132,-13,-58,-17,-85,-19,-101,-19,-119,-20,-42,-23,-70,-24,-82,-22,-90,c
5,0,0,19,-21,38,-39,56,-56,74,-69,6,-66,5,-95,5,-115,6,-133,-7,-63,-10,-91,-9,-112,-8,-130,-16,-56,-23,-83,-21,-99,-21,-115,-22,-39,-25,-68,-25,-85,-24,-97,c
6,0,0,20,-20,39,-39,56,-56,75,-69,7,-66,6,-95,6,-115,7,-133,-6,-63,-9,-91,-8,-112,-7,-130,-15,-56,-22,-83,-20,-99,-20,-115,-21,-39,-24,-70,-24,-87,-23,-97,c
7,0,0,19,-23,38,-42,57,-59,75,-70,5,-68,2,-96,4,-116,6,-362,-7,-64,-9,-94,-8,-116,-7,-130,-16,-57,-21,-87,-16,-106,-21,-115,-22,-42,-26,-83,-24,-101,-22,-113,c
8,0,0,20,-25,39,-44,58,-59,75,-69,4,-69,-3,-97,-2,-118,0,-133,-8,-65,-13,-94,-14,-114,-12,-129,-15,-59,-22,-87,-23,-102,-22,-115,-21,-48,-25,-68,-27,-78,-27,-87,c
9,0,0,19,-24,40,-42,59,-57,78,-67,6,-67,-2,-93,-2,-113,2,-131,-5,-65,-13,-92,-11,-113,-3,-129,-12,-61,-22,-87,-17,-107,-9,-121,-16,-54,-24,-78,-23,-91,-19,-103,c
10,0,0,18,-27,42,-45,61,-59,80,-69,2,-70,-5,-95,-5,-115,-388,-351,-8,-73,-11,-83,-388,-351,-388,-351,-15,-79,-388,-351,-388,-351,-388,-351,-12,-88,-388,-351,-388,-351,-388,-351,c
11,0,0,20,-27,43,-45,62,-58,81,-68,4,-69,2,-81,-5,-96,-3,-106,-6,-79,-13,-99,-2,-110,4,-119,-8,-86,-11,-106,-1,-118,11,-130,-7,-93,-5,-111,1,-121,10,-130,c
12,0,0,20,-26,43,-45,62,-57,81,-67,4,-69,-1,-79,-6,-96,-3,-106,-6,-78,-13,-99,-2,-110,3,-118,-8,-86,-9,-106,0,-118,11,-130,-7,-93,-5,-110,2,-120,11,-130,c
13,0,0,21,-24,44,-42,63,-54,82,-63,9,-69,4,-89,4,-107,13,-124,1,-74,-8,-99,6,-117,18,-129,-3,-77,-7,-102,4,-117,17,-127,-2,-79,-5,-103,1,-112,11,-122,c
14,0,0,22,-20,45,-38,64,-49,84,-59,12,-65,8,-87,11,-107,22,-124,5,-68,-5,-98,10,-117,26,-127,5,-69,-4,-98,10,-115,25,-124,7,-69,8,-91,12,-107,21,-121,c
15,0,0,23,-18,47,-36,67,-47,87,-56,15,-63,3,-96,17,-110,31,-122,8,-65,2,-99,19,-117,35,-125,9,-66,4,-99,18,-114,34,-122,13,-66,16,-91,20,-107,24,-116,c
16,0,0,23,-15,47,-31,66,-42,86,-51,16,-60,6,-96,22,-108,36,-117,8,-64,5,-99,25,-113,42,-119,9,-63,9,-96,25,-111,41,-117,15,-60,21,-85,26,-102,32,-111,c
17,0,0,23,-13,45,-28,65,-37,85,-47,9,-64,11,-95,26,-108,42,-112,8,-63,11,-98,32,-109,48,-114,11,-60,17,-92,32,-106,47,-112,17,-53,24,-77,30,-90,38,-105,c
18,0,0,23,-13,45,-28,65,-37,85,-47,9,-64,11,-95,26,-108,42,-112,8,-63,11,-98,32,-109,48,-114,11,-60,17,-92,32,-106,47,-112,17,-53,24,-77,30,-90,38,-105,c
19,0,0,22,-12,44,-26,64,-35,83,-45,11,-63,16,-94,30,-106,48,-110,10,-63,16,-97,35,-109,53,-111,12,-58,21,-91,38,-103,54,-109,18,-52,29,-78,38,-97,50,-105,c
20,0,0,23,-13,43,-27,64,-34,83,-45,13,-65,20,-95,35,-106,52,-107,12,-63,20,-98,41,-107,58,-109,15,-59,25,-91,42,-102,58,-106,21,-51,32,-76,41,-90,51,-101,c
21,0,0,22,-13,42,-25,63,-33,80,-44,13,-64,23,-93,38,-104,55,-103,12,-62,21,-97,44,-104,59,-105,14,-56,27,-90,45,-99,60,-101,20,-47,33,-73,43,-86,53,-96,c
22,0,0,22,-14,42,-26,62,-33,80,-46,14,-65,25,-94,41,-103,56,-103,13,-63,24,-97,47,-103,62,-103,16,-57,30,-89,48,-98,62,-101,21,-48,34,-73,45,-86,57,-96,c
23,0,0,22,-12,42,-24,62,-33,80,-44,15,-63,27,-92,42,-101,59,-99,13,-61,26,-95,47,-101,64,-101,16,-56,31,-88,49,-96,64,-98,22,-47,37,-73,46,-86,57,-94,c
24,0,0,22,-13,42,-25,62,-34,80,-45,15,-63,27,-93,42,-102,59,-100,13,-62,26,-96,47,-102,64,-102,16,-57,31,-89,49,-97,64,-99,22,-49,37,-74,46,-86,57,-95,c
25,0,0,21,-12,41,-25,62,-32,79,-45,15,-63,28,-92,43,-101,59,-99,14,-62,26,-96,49,-100,65,-99,16,-56,32,-88,50,-96,64,-98,23,-48,36,-72,46,-84,56,-93,c
26,0,0,21,-12,41,-25,61,-33,79,-46,14,-63,27,-92,43,-99,60,-99,13,-62,26,-95,47,-101,64,-100,17,-57,31,-88,49,-96,65,-99,23,-49,37,-75,49,-88,58,-95,c
27,0,0,22,-13,42,-27,62,-36,78,-50,13,-64,25,-94,41,-102,57,-101,12,-63,23,-97,46,-103,63,-102,15,-58,29,-90,47,-99,62,-101,21,-50,34,-75,45,-87,55,-96,c
28,0,0,23,-14,44,-28,64,-37,79,-51,12,-67,25,-95,40,-105,59,-102,11,-65,23,-99,45,-104,62,-103,14,-59,28,-91,46,-100,61,-101,19,-50,31,-74,41,-87,51,-97,c
29,0,0,22,-12,44,-26,63,-36,78,-50,13,-64,24,-95,40,-102,59,-99,11,-64,23,-97,45,-103,62,-101,13,-58,28,-91,46,-98,62,-99,19,-50,33,-76,45,-91,55,-95,c
30,0,0,23,-12,45,-26,64,-36,79,-50,14,-64,25,-95,41,-102,60,-99,12,-64,24,-97,46,-103,63,-101,14,-58,29,-91,47,-98,63,-99,20,-50,34,-76,46,-91,56,-95,c
31,0,0,24,-13,46,-27,66,-36,81,-50,14,-65,26,-95,42,-104,58,-101,12,-64,24,-98,49,-102,65,-101,15,-58,30,-90,49,-99,63,-100,21,-50,35,-75,45,-87,55,-95,c
32,0,0,22,-14,43,-27,63,-36,78,-50,11,-67,24,-94,39,-104,56,-101,10,-64,23,-97,45,-102,61,-102,13,-57,28,-89,46,-98,60,-100,18,-48,31,-73,41,-86,52,-95,c
33,0,0,22,-13,43,-26,63,-35,78,-50,11,-64,23,-94,39,-102,56,-99,10,-62,22,-96,45,-101,61,-100,12,-56,26,-89,45,-97,60,-98,18,-48,31,-72,41,-86,52,-94,c
34,0,0,23,-14,44,-27,63,-36,78,-50,11,-65,24,-94,39,-103,56,-101,10,-63,23,-96,45,-102,61,-101,12,-57,27,-89,45,-97,61,-99,19,-48,32,-73,42,-86,54,-95,c
35,0,0,22,-13,44,-26,63,-36,78,-50,13,-65,25,-94,40,-103,58,-100,11,-63,23,-97,45,-102,62,-101,13,-57,28,-89,46,-97,61,-99,20,-49,32,-73,42,-85,54,-95,c
36,0,0,23,-13,44,-26,63,-36,78,-50,13,-65,25,-94,40,-103,58,-100,11,-63,23,-97,45,-102,62,-101,13,-57,28,-89,46,-97,61,-99,19,-49,32,-73,41,-85,53,-95,c
37,0,0,23,-14,44,-28,64,-38,78,-52,14,-66,25,-96,42,-103,58,-101,11,-65,24,-98,47,-102,62,-103,13,-59,28,-91,47,-98,61,-99,20,-50,32,-73,42,-85,53,-95,c
38,0,0,23,-14,44,-28,63,-38,78,-52,13,-65,25,-95,41,-103,59,-100,11,-65,24,-98,46,-102,62,-102,13,-58,28,-91,47,-98,62,-99,19,-50,32,-74,42,-86,54,-95,c
39,0,0,23,-13,44,-27,63,-36,78,-51,13,-64,25,-94,40,-102,59,-99,11,-63,24,-97,46,-102,62,-100,13,-57,28,-89,46,-97,62,-98,19,-48,32,-72,42,-85,54,-94,c
40,0,0,22,-13,43,-27,62,-36,77,-50,12,-65,25,-94,40,-102,58,-100,11,-64,24,-97,45,-102,62,-101,13,-58,28,-90,46,-97,62,-99,18,-49,31,-72,42,-86,54,-94,c
41,0,0,23,-13,43,-27,62,-37,77,-50,13,-64,24,-95,40,-102,58,-100,11,-63,24,-96,47,-101,62,-101,13,-57,28,-89,46,-97,61,-98,18,-48,31,-71,41,-84,54,-93,c
42,0,0,23,-13,43,-27,62,-37,77,-50,13,-64,25,-94,40,-102,58,-100,11,-63,24,-96,47,-101,62,-101,12,-57,28,-89,46,-97,61,-98,18,-48,31,-71,41,-84,54,-93,c
43,0,0,23,-13,44,-27,63,-37,77,-50,13,-64,25,-94,41,-102,58,-99,11,-63,24,-96,47,-101,62,-100,13,-57,28,-89,46,-97,61,-98,18,-48,30,-70,41,-84,54,-93,c
44,0,0,23,-13,44,-26,64,-36,79,-50,14,-66,26,-94,43,-102,60,-98,12,-64,25,-96,49,-101,64,-100,14,-57,29,-89,48,-97,63,-97,20,-49,34,-73,44,-85,56,-94,c
45,0,0,23,-13,44,-26,63,-36,78,-50,13,-65,26,-93,42,-102,60,-98,11,-64,24,-96,48,-101,63,-100,13,-57,28,-89,47,-97,62,-97,18,-48,32,-72,42,-84,55,-93,c
46,0,0,23,-14,44,-27,64,-37,79,-51,14,-65,26,-95,43,-103,59,-100,12,-64,25,-97,49,-102,64,-101,14,-58,29,-91,48,-98,62,-99,19,-50,33,-73,43,-85,55,-94,c
47,0,0,23,-14,44,-28,64,-37,78,-51,14,-66,26,-95,43,-103,59,-100,12,-64,25,-97,49,-101,63,-101,13,-58,29,-90,47,-98,62,-99,18,-48,32,-72,42,-85,54,-94,c
48,0,0,23,-14,44,-28,64,-37,78,-51,14,-65,26,-95,43,-103,59,-100,12,-64,25,-97,49,-101,63,-101,13,-58,29,-90,48,-97,62,-99,19,-48,32,-72,42,-85,54,-94,c
49,0,0,23,-14,45,-27,64,-37,79,-51,14,-68,27,-95,43,-103,60,-99,12,-65,26,-97,49,-102,65,-101,14,-58,30,-90,48,-98,63,-98,19,-49,35,-74,44,-87,55,-94,c
50,0,0,23,-15,45,-28,64,-38,79,-52,14,-66,27,-96,42,-104,60,-101,12,-65,25,-98,49,-102,66,-102,14,-59,30,-90,50,-97,64,-99,19,-50,34,-74,44,-85,55,-95,c
51,0,0,23,-14,45,-28,65,-38,82,-50,13,-66,28,-94,44,-102,62,-98,12,-64,27,-97,50,-101,66,-100,14,-59,31,-90,49,-97,65,-97,18,-50,34,-74,46,-84,58,-91,c
52,0,0,22,-14,43,-28,62,-41,80,-51,13,-64,28,-93,44,-99,60,-97,10,-63,28,-95,49,-99,66,-96,11,-57,29,-89,48,-94,64,-92,16,-49,33,-73,47,-80,59,-84,c
53,0,0,22,-14,43,-30,61,-44,79,-55,13,-66,31,-91,51,-92,66,-85,11,-64,31,-94,54,-93,69,-87,11,-59,33,-87,52,-90,66,-85,15,-50,32,-70,47,-75,60,-76,c
54,0,0,22,-14,42,-30,60,-44,78,-55,12,-66,30,-91,50,-92,65,-85,10,-64,30,-94,53,-93,69,-87,10,-59,32,-87,51,-90,65,-85,14,-50,31,-70,46,-75,59,-76,c
55,0,0,22,-16,40,-34,57,-49,73,-60,10,-68,32,-91,54,-88,67,-75,8,-67,33,-92,58,-86,68,-75,10,-60,35,-83,53,-85,66,-74,14,-51,33,-69,53,-70,58,-66,c
56,0,0,22,-18,39,-42,53,-58,67,-65,11,-69,36,-90,55,-84,65,-75,9,-68,36,-90,60,-81,68,-70,12,-62,38,-82,57,-75,66,-64,17,-53,37,-68,52,-61,55,-53,c
57,0,0,-457,-365,-457,-365,-457,-365,-457,-365,-457,-365,-457,-365,-457,-365,-457,-365,-457,-365,-457,-365,-457,-365,-457,-365,22,-64,-457,-365,-457,-365,-457,-365,13,-63,61,-66,56,-47,-457,-365,c
58,0,0,-458,-398,-458,-398,66,-84,64,-87,-458,-398,67,-53,-458,-398,-458,-398,-458,-398,-458,-398,-458,-398,-458,-398,-458,-398,-458,-398,-458,-398,-458,-398,-458,-398,-458,-398,-458,-398,-458,-398,c
59,0,0,-468,-420,-468,-420,-468,-420,-468,-420,-468,-420,-468,-420,-468,-420,-468,-420,-468,-420,-468,-420,-468,-420,-468,-420,-468,-420,-468,-420,-468,-420,-468,-420,-468,-420,-468,-420,-468,-420,-468,-420,c
60,0,0,-469,-419,-469,-419,-469,-419,-469,-419,-469,-419,-469,-419,-469,-419,-469,-419,-469,-419,-469,-419,-469,-419,-469,-419,-469,-419,-469,-419,-469,-419,-469,-419,-469,-419,-469,-419,-469,-419,-469,-419,c
0,0,0,20,-18,40,-35,57,-51,76,-64,11,-63,15,-92,16,-111,15,-127,-7,-60,-15,-95,-22,-114,-29,-128,-22,-52,-36,-82,-46,-98,-54,-112,-34,-42,-50,-57,-62,-64,-74,-74,d
1,0,0,16,-17,34,-31,51,-48,67,-60,6,-62,11,-93,14,-111,13,-127,-13,-59,-20,-94,-26,-113,-32,-128,-28,-52,-42,-81,-52,-97,-59,-111,-40,-41,-57,-56,-69,-64,-80,-73,d
2,0,0,15,-16,29,-30,39,-41,49,-49,5,-62,12,-92,15,-110,16,-127,-14,-58,-21,-94,-25,-112,-30,-127,-29,-52,-42,-81,-51,-97,-56,-110,-42,-41,-58,-57,-69,-65,-79,-74,d
3,0,0,12,-12,22,-26,27,-33,34,-40,3,-60,10,-92,13,-110,14,-125,-16,-58,-23,-93,-27,-111,-31,-125,-31,-51,-44,-80,-52,-95,-58,-110,-44,-40,-59,-56,-69,-65,-79,-74,d
4,0,0,10,-8,16,-18,17,-28,19,-35,1,-57,6,-89,9,-108,11,-336,-18,-54,-27,-90,-32,-109,-37,-122,-32,-47,-48,-76,-58,-91,-63,-106,-44,-36,-60,-52,-70,-61,-79,-71,d
5,0,0,10,-8,16,-18,17,-28,19,-35,1,-57,6,-89,9,-108,11,-336,-17,-54,-27,-90,-32,-109,-37,-122,-32,-47,-48,-75,-58,-91,-63,-106,-44,-35,-60,-52,-70,-61,-79,-71,d
6,0,0,6,-5,11,-14,9,-22,7,-27,-2,-56,4,-88,6,-109,8,-334,-20,-54,-30,-88,-36,-109,-42,-334,-33,-46,-50,-73,-61,-89,-68,-104,-45,-33,-59,-50,-68,-60,-78,-72,d
7,0,0,5,-6,7,-15,2,-24,-4,-29,-3,-58,4,-89,7,-109,10,-334,-19,-55,-30,-89,-37,-109,-43,-334,-33,-48,-49,-75,-60,-90,-70,-105,-45,-37,-56,-54,-64,-64,-73,-77,d
8,0,0,2,-6,0,-19,-5,-26,-12,-33,-3,-59,4,-89,7,-108,9,-125,-20,-55,-32,-86,-42,-105,-50,-120,-34,-47,-51,-70,-61,-83,-73,-97,-45,-36,-54,-52,-60,-62,-65,-71,d
9,0,0,3,-6,0,-19,-6,-27,-14,-34,-2,-60,5,-90,9,-108,12,-125,-19,-56,-33,-85,-45,-99,-54,-111,-33,-47,-49,-69,-59,-79,-70,-91,-43,-37,-52,-51,-57,-60,-59,-67,d
10,0,0,3,-8,1,-23,-5,-31,-15,-39,0,-62,7,-91,12,-110,16,-127,-18,-56,-30,-85,-39,-95,-46,-101,-31,-48,-46,-69,-53,-77,-62,-85,-41,-38,-49,-53,-53,-61,-52,-65,d
11,0,0,3,-7,1,-21,-5,-30,-14,-39,0,-60,8,-90,13,-108,16,-126,-18,-55,-30,-84,-39,-93,-47,-100,-31,-47,-46,-68,-53,-76,-62,-84,-41,-37,-49,-52,-53,-60,-52,-65,d
12,0,0,4,-9,2,-25,-4,-34,-14,-43,2,-63,12,-92,17,-110,22,-127,-15,-58,-26,-86,-33,-93,-39,-96,-29,-49,-42,-69,-49,-78,-53,-82,-39,-39,-48,-60,-47,-66,-44,-66,d
13,0,0,4,-8,4,-22,0,-36,-11,-47,6,-64,16,-93,23,-111,27,-127,-10,-61,-16,-91,-8,-116,-453,-325,-25,-54,-24,-89,-26,-85,-22,-84,-37,-43,-42,-74,-39,-76,-33,-67,d
14,0,0,6,-11,7,-28,4,-40,-8,-51,9,-66,21,-95,27,-112,32,-127,-8,-63,-12,-88,-454,-326,-454,-326,-21,-58,-18,-87,-13,-76,-9,-71,-33,-50,-36,-75,-32,-75,-22,-66,d
15,0,0,12,-15,16,-38,10,-53,11,-66,12,-69,23,-97,30,-115,35,-130,-6,-63,-10,-89,-4,-76,-2,-70,-19,-56,-27,-78,-18,-73,-8,-61,-29,-47,-27,-61,-24,-62,-16,-58,d
16,0,0,15,-14,22,-32,20,-45,13,-55,15,-64,25,-99,31,-116,33,-131,-1,-60,-3,-85,5,-76,10,-69,-14,-54,-19,-75,-5,-67,2,-56,-23,-45,-19,-58,-14,-58,-5,-54,d
17,0,0,15,-14,22,-31,20,-45,13,-55,15,-64,25,-99,31,-116,33,-131,-1,-60,-3,-85,5,-76,10,-69,-14,-54,-19,-75,-5,-67,2,-56,-23,-45,-19,-58,-14,-58,-5,-54,d
18,0,0,20,-17,35,-44,35,-48,33,-52,19,-67,27,-99,32,-117,32,-133,4,-61,7,-83,21,-70,29,-58,-6,-54,-5,-72,15,-62,21,-50,-15,-45,-8,-56,5,-56,19,-49,d
19,0,0,23,-21,41,-41,53,-50,51,-50,14,-74,27,-100,30,-120,28,-137,4,-69,25,-82,44,-70,56,-56,0,-60,19,-70,40,-60,54,-49,-1,-48,17,-54,33,-51,45,-45,d
20,0,0,25,-19,43,-31,64,-44,66,-40,16,-68,26,-94,27,-116,22,-134,7,-62,34,-76,56,-64,72,-47,5,-50,31,-62,52,-55,70,-42,8,-37,32,-46,48,-42,62,-36,d
21,0,0,22,-19,23,-48,-438,-327,-438,-327,15,-63,26,-93,26,-116,19,-134,12,-56,44,-71,67,-58,82,-42,14,-44,43,-57,65,-48,82,-36,19,-31,46,-40,62,-36,75,-31,d
22,0,0,10,-25,24,-45,37,-47,-439,-325,16,-59,27,-91,26,-113,20,-130,16,-51,48,-66,70,-53,82,-37,18,-40,49,-52,70,-42,83,-31,23,-27,50,-35,66,-32,78,-27,d
23,0,0,10,-25,25,-45,37,-47,-439,-325,16,-59,26,-90,26,-113,20,-131,16,-51,48,-66,70,-54,82,-37,18,-40,49,-52,71,-42,83,-31,24,-28,50,-35,66,-32,79,-27,d
24,0,0,9,-25,20,-49,39,-52,-437,-327,22,-58,30,-90,30,-113,24,-131,22,-49,55,-62,76,-49,87,-32,26,-37,58,-47,77,-37,86,-27,32,-22,58,-30,71,-27,79,-21,d
25,0,0,10,-26,22,-51,42,-53,62,-48,24,-59,32,-89,34,-114,29,-132,25,-51,59,-62,79,-48,87,-32,29,-39,62,-47,79,-37,87,-28,35,-26,62,-30,74,-27,80,-21,d
26,0,0,10,-25,24,-51,45,-54,-434,-339,27,-60,34,-90,36,-112,32,-134,28,-53,64,-62,82,-50,90,-37,32,-40,66,-48,83,-38,89,-31,39,-26,65,-31,76,-29,81,-24,d
27,0,0,10,-26,25,-53,45,-55,-435,-346,27,-61,33,-91,35,-114,31,-134,28,-52,63,-64,82,-51,88,-40,33,-40,67,-49,82,-40,87,-32,41,-27,66,-32,77,-30,80,-26,d
28,0,0,7,-24,21,-51,44,-56,-436,-353,26,-61,33,-93,34,-116,30,-133,28,-53,63,-65,81,-53,87,-42,34,-41,68,-50,83,-41,86,-34,41,-28,67,-34,77,-31,80,-27,d
29,0,0,7,-24,21,-51,44,-56,-436,-353,26,-61,33,-93,34,-116,30,-133,28,-53,63,-65,81,-53,87,-42,34,-41,68,-50,83,-41,86,-34,41,-28,67,-34,77,-31,80,-27,d
30,0,0,6,-25,21,-53,42,-56,-438,-358,24,-61,29,-90,31,-112,27,-133,26,-53,61,-64,79,-53,85,-44,32,-41,66,-50,81,-42,84,-35,40,-29,66,-34,75,-32,78,-28,d
31,0,0,6,-25,20,-54,41,-57,-439,-362,23,-61,28,-89,74,-55,77,-50,25,-53,60,-65,78,-54,84,-45,31,-41,65,-51,80,-43,83,-36,39,-28,64,-35,74,-34,77,-30,d
32,0,0,6,-24,19,-51,40,-54,-440,-361,21,-58,57,-61,73,-52,76,-48,23,-51,59,-64,77,-52,88,-43,30,-38,64,-48,79,-40,81,-35,38,-26,64,-33,73,-31,75,-28,d
33,0,0,5,-24,18,-51,40,-54,-440,-362,21,-60,26,-88,27,-106,74,-48,24,-51,58,-64,76,-53,83,-43,30,-39,63,-49,79,-41,82,-35,38,-27,63,-34,73,-31,76,-28,d
34,0,0,5,-24,18,-51,39,-55,-440,-362,21,-59,56,-62,72,-53,75,-48,23,-51,59,-64,76,-53,83,-43,29,-39,63,-49,79,-41,82,-35,38,-28,64,-34,73,-31,76,-28,d
35,0,0,6,-25,19,-52,40,-54,-440,-362,21,-59,27,-89,28,-106,75,-48,24,-51,59,-63,77,-53,83,-44,30,-39,64,-49,79,-41,81,-35,38,-27,63,-34,73,-32,76,-28,d
36,0,0,6,-24,19,-51,40,-53,-440,-360,21,-59,27,-88,28,-107,75,-47,24,-50,58,-62,77,-52,83,-42,29,-38,63,-48,79,-40,82,-33,38,-25,63,-32,73,-30,76,-27,d
37,0,0,5,-25,18,-51,40,-55,-440,-361,22,-60,28,-90,29,-113,24,-131,25,-51,59,-65,77,-53,83,-43,30,-39,63,-49,79,-42,83,-35,38,-27,64,-34,74,-32,77,-28,d
38,0,0,6,-24,19,-51,40,-54,-441,-359,22,-59,28,-88,29,-105,75,-47,24,-51,59,-63,76,-52,82,-42,29,-39,63,-48,79,-40,81,-33,38,-27,63,-32,73,-30,76,-27,d
39,0,0,6,-24,19,-51,40,-52,-442,-358,21,-59,28,-89,29,-114,24,-358,22,-51,58,-62,76,-50,81,-41,28,-38,62,-47,78,-39,82,-33,37,-25,62,-31,73,-29,76,-25,d
40,0,0,6,-25,18,-52,40,-54,-442,-359,22,-60,29,-91,30,-116,24,-359,24,-51,58,-64,76,-52,82,-41,29,-39,63,-49,78,-41,83,-34,37,-26,62,-33,73,-31,77,-27,d
41,0,0,6,-25,18,-51,40,-55,-442,-359,21,-59,29,-91,30,-114,24,-130,23,-52,58,-64,76,-52,82,-42,29,-39,63,-49,78,-41,83,-34,38,-27,63,-33,73,-31,77,-27,d
42,0,0,7,-25,19,-51,40,-54,-442,-358,22,-59,29,-90,31,-113,26,-129,24,-50,59,-63,77,-51,83,-40,30,-38,63,-48,79,-40,83,-33,38,-25,63,-32,74,-30,77,-26,d
43,0,0,5,-24,18,-50,39,-53,-444,-357,20,-57,27,-88,29,-112,25,-129,22,-50,57,-63,76,-51,82,-40,28,-37,62,-48,77,-40,82,-32,36,-24,61,-32,72,-30,76,-26,d
44,0,0,6,-25,19,-51,40,-53,-444,-357,22,-59,28,-89,30,-113,25,-130,23,-51,58,-63,76,-51,83,-37,28,-39,62,-48,77,-40,81,-33,37,-26,62,-32,72,-30,76,-26,d
45,0,0,6,-23,19,-50,40,-52,-444,-355,21,-57,29,-88,31,-112,26,-129,23,-50,58,-61,77,-50,84,-36,28,-37,62,-47,78,-39,82,-31,36,-24,62,-31,73,-29,77,-25,d
46,0,0,5,-24,18,-51,39,-53,-445,-355,21,-58,28,-90,30,-113,25,-130,22,-51,57,-62,76,-51,82,-38,27,-39,61,-48,77,-40,81,-32,35,-25,62,-32,72,-30,76,-26,d
47,0,0,7,-23,19,-50,40,-52,-444,-354,22,-57,29,-89,31,-112,26,-129,23,-50,58,-61,77,-50,83,-38,29,-37,62,-47,78,-39,83,-31,37,-25,62,-31,73,-29,77,-25,d
48,0,0,5,-23,18,-49,39,-52,-445,-353,21,-57,28,-89,30,-111,25,-128,22,-50,58,-60,77,-49,83,-35,28,-37,61,-46,77,-38,82,-31,36,-25,61,-30,72,-28,76,-24,d
49,0,0,7,-24,20,-49,40,-53,-444,-354,22,-58,30,-88,35,-112,30,-129,24,-50,58,-63,78,-50,83,-40,29,-38,62,-48,78,-40,83,-32,37,-25,62,-31,74,-29,78,-26,d
50,0,0,8,-25,20,-52,40,-53,-445,-354,23,-61,34,-92,41,-112,41,-128,23,-52,57,-63,77,-50,84,-39,28,-39,61,-48,78,-40,84,-33,36,-25,62,-32,73,-29,78,-26,d
51,0,0,7,-25,22,-50,40,-51,-447,-354,22,-60,41,-89,52,-105,58,-119,22,-50,55,-63,76,-50,82,-38,26,-37,59,-47,77,-39,84,-32,33,-23,59,-31,73,-28,79,-25,d
52,0,0,7,-28,22,-56,39,-57,-449,-363,20,-66,47,-87,64,-96,76,-106,20,-56,54,-69,74,-56,84,-45,23,-43,56,-53,74,-45,80,-37,32,-29,56,-36,69,-33,76,-30,d
53,0,0,7,-28,22,-57,40,-57,-449,-363,20,-66,47,-86,64,-96,76,-106,20,-56,54,-69,74,-57,83,-45,23,-43,55,-53,74,-45,80,-36,32,-29,56,-36,69,-33,76,-30,d
54,0,0,9,-30,23,-62,55,-76,84,-58,21,-71,53,-87,74,-88,89,-89,21,-60,57,-71,76,-62,86,-53,25,-45,57,-57,75,-49,81,-40,33,-29,57,-40,69,-36,75,-31,d
55,0,0,8,-26,27,-60,59,-70,-452,-391,24,-71,59,-81,84,-73,87,-57,23,-57,61,-65,79,-52,84,-41,26,-42,61,-52,77,-41,82,-32,32,-26,60,-34,71,-30,75,-24,d
56,0,0,9,-27,29,-56,67,-58,91,-57,23,-66,61,-68,75,-62,85,-55,23,-51,59,-49,73,-40,79,-34,25,-35,55,-36,69,-29,78,-24,28,-20,54,-21,65,-19,72,-16,d
57,0,0,-10,-5,-9,-15,-466,-430,-12,-22,-466,-430,-466,-430,-466,-430,-466,-430,-466,-430,-466,-430,-466,-430,-466,-430,-466,-430,-466,-430,-466,-430,-466,-430,-466,-430,-466,-430,-466,-430,-466,-430,d
0,0,0,21,-20,40,-43,53,-65,66,-82,12,-67,15,-97,16,-119,20,-358,-7,-64,-12,-101,-19,-121,-51,-358,-22,-56,-35,-87,-43,-105,-50,-120,-34,-42,-51,-58,-60,-68,-70,-79,e
1,0,0,21,-19,41,-41,54,-64,69,-81,13,-62,17,-93,20,-115,23,-367,-5,-57,-7,-94,-11,-117,-16,-367,-20,-48,-29,-78,-36,-97,-41,-113,-32,-33,-47,-51,-55,-59,-62,-67,e
2,0,0,21,-20,41,-42,55,-65,69,-82,13,-63,17,-93,19,-116,22,-368,-5,-58,-7,-92,-11,-118,-17,-368,-19,-49,-29,-78,-36,-98,-41,-114,-31,-34,-47,-52,-55,-60,-62,-69,e
3,0,0,23,-12,45,-30,61,-52,76,-67,17,-48,-417,-370,-417,-370,-417,-370,1,-46,2,-84,0,-89,-2,-103,-15,-33,-25,-64,-27,-74,-29,-82,-25,-15,-44,-31,-48,-35,-50,-39,e
4,0,0,-13,4,-26,0,-47,-12,-58,-16,3,-37,2,-64,1,-63,4,-67,17,-33,34,-62,37,-73,37,-83,28,-26,32,-63,37,-71,38,-75,40,-19,59,-36,66,-42,-411,-376,e
5,0,0,11,-13,13,-33,19,-55,21,-73,-12,-27,-23,-44,-29,-53,-36,-59,-24,-18,-30,-44,-31,-50,-36,-59,-34,-12,-51,-26,-63,-35,-70,-40,-42,-1,-66,-9,-77,-12,-87,-17,e
6,0,0,15,-4,29,-2,15,-58,15,-79,-18,-28,-29,-49,-39,-61,-45,-74,-31,-22,-53,-39,-65,-51,-75,-60,-39,-16,-60,-35,-73,-46,-82,-53,-45,-9,-66,-19,-81,-25,-92,-33,e
7,0,0,16,-2,31,-5,53,-5,77,-8,4,-34,12,-57,16,-75,17,-92,-17,-36,-23,-64,-30,-81,-32,-98,-32,-29,-50,-58,-58,-73,-59,-87,-47,-21,-66,-39,-78,-49,-86,-59,e
8,0,0,16,-2,31,-5,53,-5,77,-8,4,-34,12,-57,16,-75,17,-92,-17,-36,-23,-64,-30,-81,-32,-98,-32,-29,-50,-58,-58,-72,-59,-87,-47,-21,-66,-39,-78,-49,-86,-59,e
9,0,0,16,-5,28,-9,52,-12,76,-14,6,-42,13,-68,18,-88,21,-107,-15,-45,-20,-75,-27,-96,-28,-114,-32,-39,-46,-71,-53,-87,-56,-103,-47,-30,-62,-51,-72,-63,-80,-77,e
10,0,0,17,-6,32,-10,57,-13,78,-14,12,-48,19,-76,26,-97,30,-116,-8,-53,-10,-83,-16,-105,-15,-124,-26,-48,-35,-79,-42,-99,-41,-116,-42,-40,-55,-62,-63,-75,-70,-88,e
11,0,0,19,-6,35,-9,58,-12,79,-11,16,-50,26,-80,32,-99,36,-118,-4,-54,-4,-88,-6,-110,-5,-129,-21,-50,-26,-83,-31,-103,-31,-122,-39,-43,-47,-68,-54,-82,-59,-97,e
12,0,0,20,-8,39,-13,59,-17,79,-16,19,-54,28,-85,34,-104,37,-122,-1,-58,0,-94,-1,-114,-1,-133,-17,-55,-21,-89,-24,-109,-24,-127,-34,-50,-41,-74,-47,-88,-53,-103,e
13,0,0,22,-10,41,-16,61,-20,81,-20,23,-58,31,-89,36,-107,39,-124,3,-62,4,-96,5,-115,6,-133,-13,-59,-15,-92,-17,-111,-16,-128,-30,-54,-36,-78,-40,-93,-44,-109,e
14,0,0,21,-10,41,-16,61,-20,81,-20,23,-57,31,-89,35,-107,39,-124,3,-62,5,-96,5,-115,6,-133,-13,-59,-15,-92,-17,-111,-16,-128,-31,-54,-36,-78,-41,-93,-44,-109,e
15,0,0,22,-12,45,-18,62,-22,80,-22,25,-60,33,-91,37,-108,40,-123,6,-63,8,-98,9,-116,11,-128,-10,-61,-10,-94,-11,-112,-9,-127,-28,-57,-31,-82,-34,-97,-36,-112,e
16,0,0,24,-13,46,-19,63,-23,81,-24,26,-61,35,-92,38,-108,41,-122,8,-65,10,-99,13,-115,17,-125,-7,-63,-6,-95,-4,-112,-3,-126,-24,-60,-25,-84,-26,-98,-26,-111,e
17,0,0,24,-11,47,-17,62,-19,79,-22,27,-60,34,-90,37,-105,39,-116,8,-63,12,-96,14,-112,17,-117,-7,-62,-5,-93,-2,-109,-1,-121,-23,-60,-23,-83,-23,-96,-20,-108,e
18,0,0,24,-12,46,-17,61,-19,77,-23,28,-60,34,-91,36,-105,37,-112,10,-65,14,-98,17,-111,21,-115,-5,-64,-2,-93,1,-107,4,-117,-21,-60,-19,-83,-18,-95,-14,-106,e
19,0,0,25,-12,47,-16,62,-17,77,-23,30,-60,35,-92,36,-104,37,-108,12,-64,16,-98,20,-112,26,-106,-3,-64,1,-93,4,-107,7,-114,-19,-60,-15,-84,-14,-97,-9,-104,e
20,0,0,25,-12,48,-17,63,-17,76,-24,30,-60,35,-92,36,-104,37,-109,12,-64,16,-98,20,-112,26,-107,-3,-63,0,-94,4,-107,7,-113,-19,-60,-15,-84,-14,-96,-9,-103,e
21,0,0,26,-12,51,-16,63,-17,73,-25,31,-59,34,-92,37,-102,37,-106,12,-63,18,-94,21,-110,24,-102,-2,-63,2,-93,5,-107,7,-110,-18,-61,-13,-85,-11,-97,-7,-99,e
22,0,0,28,-11,53,-16,63,-16,70,-25,31,-59,35,-92,37,-102,37,-104,13,-61,18,-95,22,-109,25,-99,-2,-62,3,-93,5,-106,7,-106,-18,-61,-12,-87,-10,-94,-6,-94,e
23,0,0,28,-12,56,-16,63,-18,66,-27,33,-60,36,-96,38,-101,37,-96,14,-65,21,-104,23,-107,25,-96,-1,-65,6,-100,6,-104,9,-99,-17,-61,-11,-89,-9,-92,-5,-88,e
24,0,0,27,-10,54,-15,63,-16,61,-28,33,-60,37,-95,36,-96,32,-88,14,-65,21,-103,23,-102,24,-91,-1,-65,5,-97,5,-100,8,-92,-17,-60,-12,-87,-8,-89,-5,-80,e
25,0,0,28,-11,52,-17,63,-17,57,-29,33,-60,38,-94,38,-93,37,-85,14,-66,21,-101,23,-101,24,-90,-1,-67,5,-98,5,-100,9,-91,-18,-61,-11,-87,-8,-87,-6,-77,e
26,0,0,28,-11,52,-17,62,-17,57,-30,34,-60,38,-94,38,-93,37,-85,14,-66,21,-101,23,-101,23,-90,-1,-67,5,-99,5,-100,8,-89,-18,-61,-11,-87,-8,-87,-6,-77,e
27,0,0,30,-12,58,-18,59,-22,51,-30,34,-62,39,-93,39,-90,37,-81,15,-68,23,-102,24,-100,25,-89,-1,-67,5,-100,6,-99,10,-88,-17,-62,-11,-87,-8,-86,-7,-74,e
28,0,0,29,-10,56,-17,55,-21,48,-28,33,-61,37,-91,37,-86,36,-77,15,-69,21,-99,22,-96,22,-84,-2,-69,3,-96,4,-94,7,-83,-19,-61,-14,-84,-11,-81,-9,-69,e
29,0,0,27,-10,54,-17,53,-21,43,-28,33,-63,36,-90,35,-84,34,-75,14,-70,19,-97,21,-93,22,-82,-4,-69,1,-95,2,-91,5,-80,-20,-62,-17,-82,-13,-78,-11,-67,e
30,0,0,27,-9,53,-17,52,-22,40,-26,33,-64,36,-89,34,-84,34,-75,14,-71,17,-98,20,-91,21,-78,-4,-69,0,-94,1,-91,3,-77,-21,-61,-18,-81,-14,-76,-12,-65,e
31,0,0,25,-9,53,-19,49,-22,40,-23,32,-61,35,-88,33,-86,29,-72,12,-69,17,-95,18,-88,19,-74,-5,-67,-1,-93,0,-87,2,-75,-22,-60,-19,-79,-16,-75,-14,-64,e
32,0,0,27,-10,54,-20,51,-23,42,-24,33,-62,36,-89,34,-87,32,-72,14,-71,18,-96,19,-89,20,-76,-4,-68,0,-94,1,-88,3,-76,-21,-60,-17,-80,-15,-76,-13,-64,e
33,0,0,27,-9,54,-21,51,-23,40,-23,31,-61,34,-88,33,-81,31,-68,12,-67,16,-95,18,-87,19,-73,-5,-66,-1,-93,1,-88,2,-73,-22,-58,-18,-79,-15,-74,-13,-62,e
34,0,0,27,-8,53,-19,49,-21,39,-20,29,-61,32,-85,31,-78,29,-64,11,-66,14,-93,16,-84,16,-70,-6,-63,-3,-90,-2,-85,0,-69,-24,-55,-20,-77,-17,-71,-15,-60,e
35,0,0,28,-10,54,-22,51,-24,38,-23,30,-61,33,-88,32,-79,31,-65,12,-65,15,-95,18,-85,17,-71,-5,-64,-2,-91,0,-87,1,-70,-22,-57,-19,-79,-15,-73,-14,-62,e
36,0,0,28,-9,55,-23,52,-25,40,-24,32,-62,34,-88,35,-78,32,-64,12,-65,17,-96,19,-85,19,-71,-3,-64,-1,-92,1,-86,3,-70,-21,-58,-17,-80,-14,-74,-13,-63,e
37,0,0,28,-9,54,-23,52,-25,40,-22,31,-60,34,-87,34,-78,33,-65,13,-63,16,-95,20,-84,19,-69,-4,-63,-1,-91,1,-86,3,-69,-21,-57,-17,-80,-14,-73,-12,-62,e
38,0,0,28,-9,54,-23,52,-25,40,-22,31,-60,34,-87,34,-78,33,-64,13,-63,16,-95,20,-84,19,-69,-4,-63,-1,-91,1,-86,3,-69,-21,-57,-17,-80,-14,-73,-12,-62,e
39,0,0,28,-9,55,-20,54,-25,40,-23,33,-59,36,-87,37,-77,35,-63,14,-64,18,-95,21,-83,20,-70,-2,-63,1,-91,3,-85,5,-67,-20,-57,-15,-80,-12,-73,-11,-61,e
40,0,0,28,-9,55,-22,53,-25,41,-23,33,-60,36,-87,37,-76,34,-62,13,-63,18,-95,21,-83,21,-69,-2,-63,1,-91,4,-84,5,-68,-20,-57,-15,-79,-12,-73,-11,-61,e
41,0,0,28,-9,55,-22,52,-25,40,-22,33,-60,35,-87,36,-76,34,-62,13,-63,18,-95,21,-83,20,-68,-3,-62,0,-91,3,-84,4,-67,-21,-56,-16,-79,-13,-73,-12,-61,e
42,0,0,26,-6,52,-15,52,-23,39,-20,32,-57,34,-84,35,-74,33,-61,12,-59,17,-93,20,-81,20,-66,-3,-60,0,-89,2,-81,4,-65,-21,-55,-16,-77,-13,-71,-12,-59,e
43,0,0,27,-8,54,-21,52,-24,40,-22,32,-59,35,-86,36,-76,34,-62,12,-60,17,-94,20,-82,20,-66,-2,-62,0,-91,3,-83,4,-66,-20,-58,-16,-78,-13,-73,-12,-61,e
44,0,0,27,-8,54,-20,52,-24,39,-22,32,-58,35,-86,36,-76,34,-62,12,-59,17,-94,20,-82,20,-66,-2,-62,1,-90,3,-84,5,-66,-20,-57,-16,-79,-13,-73,-11,-60,e
45,0,0,27,-8,54,-22,53,-25,40,-22,33,-60,35,-87,36,-77,34,-63,13,-63,18,-95,21,-83,21,-68,-2,-62,1,-91,3,-84,5,-67,-20,-57,-15,-79,-13,-73,-11,-61,e
46,0,0,28,-8,55,-21,53,-24,40,-22,33,-59,36,-86,37,-76,35,-62,13,-60,18,-94,21,-83,21,-67,-2,-62,1,-90,3,-83,5,-67,-20,-56,-15,-78,-12,-73,-11,-60,e
47,0,0,27,-7,55,-20,54,-25,40,-21,32,-58,36,-86,36,-76,35,-63,14,-62,18,-93,21,-82,21,-67,-1,-61,1,-90,3,-83,5,-66,-19,-56,-15,-78,-12,-72,-11,-60,e
48,0,0,28,-8,54,-17,54,-25,41,-23,34,-60,36,-87,37,-77,35,-63,14,-62,19,-95,22,-84,22,-68,-1,-63,2,-91,4,-85,6,-68,-18,-58,-14,-79,-11,-74,-10,-62,e
49,0,0,28,-8,55,-20,54,-25,42,-22,34,-59,36,-86,37,-77,35,-63,15,-63,19,-94,22,-83,22,-68,-1,-62,2,-91,4,-84,6,-67,-18,-56,-14,-78,-11,-74,-10,-61,e
50,0,0,28,-9,55,-18,55,-26,41,-24,34,-61,36,-87,38,-78,35,-64,15,-63,19,-95,22,-84,21,-69,-1,-63,1,-92,4,-85,5,-68,-18,-57,-14,-79,-11,-75,-10,-62,e
51,0,0,28,-9,53,-17,54,-26,40,-24,33,-61,36,-88,36,-78,35,-64,15,-63,18,-95,21,-85,20,-70,-2,-62,1,-91,3,-86,5,-69,-19,-57,-15,-80,-12,-74,-11,-62,e
52,0,0,28,-10,54,-17,55,-27,41,-25,33,-61,36,-89,37,-79,35,-66,15,-64,18,-96,22,-86,21,-71,-2,-64,1,-92,3,-87,5,-70,-19,-58,-15,-81,-12,-75,-10,-63,e
53,0,0,28,-9,54,-15,56,-27,41,-25,33,-60,36,-87,37,-78,36,-64,15,-63,19,-95,22,-85,21,-70,-2,-63,2,-92,4,-86,5,-69,-19,-57,-14,-80,-12,-75,-10,-62,e
54,0,0,28,-9,54,-16,56,-27,42,-25,33,-61,36,-88,37,-78,35,-65,15,-64,18,-96,22,-85,21,-70,-2,-63,1,-92,4,-86,5,-68,-19,-57,-14,-79,-12,-75,-10,-62,e
55,0,0,28,-9,54,-16,56,-27,42,-25,33,-61,36,-88,37,-78,35,-65,15,-64,18,-96,22,-84,21,-70,-1,-63,1,-92,4,-86,5,-68,-19,-57,-14,-80,-12,-75,-10,-62,e
56,0,0,28,-9,54,-16,56,-27,42,-25,33,-61,36,-88,37,-78,35,-65,15,-64,18,-96,22,-84,21,-70,-1,-63,1,-92,4,-86,5,-68,-19,-57,-14,-80,-12,-75,-10,-62,e
57,0,0,28,-9,55,-15,56,-26,43,-25,35,-59,36,-87,38,-77,36,-64,16,-63,19,-95,23,-83,22,-68,-1,-63,2,-92,5,-85,6,-67,-19,-57,-14,-80,-11,-75,-10,-64,e
58,0,0,30,-13,58,-26,58,-30,49,-30,36,-61,38,-91,39,-81,39,-69,18,-64,21,-99,25,-86,25,-70,1,-66,4,-96,7,-87,9,-70,-16,-62,-12,-85,-9,-80,-9,-70,e
59,0,0,29,-11,55,-18,66,-31,55,-37,38,-59,41,-92,42,-80,41,-68,19,-63,24,-99,28,-85,27,-70,3,-66,7,-97,10,-87,11,-70,-15,-64,-10,-88,-7,-83,-5,-72,e
60,0,0,30,-10,56,-18,69,-33,61,-44,40,-57,45,-92,46,-79,45,-66,19,-64,27,-99,30,-83,29,-69,2,-67,10,-97,14,-85,15,-68,-14,-66,-10,-90,-5,-84,-4,-73,e
61,0,0,27,-8,54,-14,68,-32,64,-48,38,-54,48,-87,49,-73,49,-59,16,-63,28,-95,32,-78,31,-63,0,-64,11,-95,15,-80,17,-62,-16,-63,-12,-86,-6,-78,-3,-65,e
62,0,0,27,-8,54,-14,68,-32,64,-48,38,-54,48,-87,49,-73,49,-59,16,-63,28,-95,32,-78,31,-63,0,-64,11,-95,15,-80,17,-62,-16,-63,-12,-86,-6,-78,-3,-65,e
63,0,0,28,-10,55,-20,69,-36,69,-53,39,-50,53,-84,53,-66,51,-53,20,-60,31,-94,36,-75,34,-57,4,-62,13,-94,18,-77,20,-59,-15,-64,-11,-85,-2,-76,1,-63,e
64,0,0,26,-8,52,-19,65,-35,69,-54,39,-41,52,-77,52,-56,49,-45,20,-55,32,-88,36,-65,32,-48,0,-61,11,-86,17,-65,18,-47,-15,-61,-10,-79,-1,-65,3,-48,e
65,0,0,26,-6,52,-17,65,-33,66,-53,47,-66,51,-72,52,-50,51,-36,28,-68,32,-77,37,-49,34,-32,6,-63,12,-72,19,-50,21,-31,-16,-54,-6,-65,2,-47,6,-33,e
66,0,0,29,-4,55,-17,67,-33,68,-50,50,-67,53,-72,56,-48,55,-35,30,-67,35,-75,42,-43,42,-26,7,-61,16,-65,25,-41,28,-22,-13,-53,-1,-59,8,-39,10,-25,e
67,0,0,19,-57,-453,-417,-453,-417,-453,-417,43,-76,54,-73,58,-50,60,-34,29,-77,38,-72,45,-39,45,-28,15,-71,23,-55,30,-31,32,-18,1,-59,7,-44,13,-29,14,-18,e
68,0,0,19,-56,-453,-416,-453,-416,-453,-416,43,-75,54,-72,58,-48,60,-33,29,-76,38,-71,45,-38,45,-27,14,-70,23,-54,30,-29,33,-17,0,-58,7,-43,13,-28,14,-17,e
69,0,0,-460,-438,-460,-438,-460,-438,-460,-438,17,-60,-460,-438,-460,-438,-460,-438,14,-61,33,-43,39,-29,-460,-438,0,-54,24,-37,32,-21,-460,-438,-11,-43,8,-26,13,-13,13,-5,e
70,0,0,489,410,510,424,0,0,0,0,518,416,525,430,527,444,527,453,504,421,513,444,516,459,517,467,487,430,496,446,502,468,504,474,468,444,483,462,488,473,491,478,e
2,0,0,28,-7,54,-16,80,-20,101,-17,41,-53,56,-80,67,-100,72,-119,25,-55,36,-87,41,-110,44,-129,12,-53,20,-82,24,-103,27,-122,-1,-46,1,-68,2,-81,5,-95,q
3,0,0,29,-5,55,-13,80,-17,100,-14,42,-50,58,-77,69,-96,74,-116,26,-51,37,-83,44,-105,46,-125,13,-48,21,-78,25,-99,29,-117,-1,-42,2,-63,3,-76,7,-90,q
4,0,0,28,-3,54,-10,80,-13,100,-10,42,-44,58,-71,71,-91,77,-110,28,-47,40,-77,47,-98,50,-118,15,-45,24,-72,28,-92,33,-110,2,-39,4,-56,6,-68,10,-81,q
5,0,0,28,-3,54,-10,80,-13,100,-10,42,-44,58,-71,70,-91,77,-110,28,-47,40,-77,47,-98,50,-118,15,-45,24,-72,28,-92,33,-110,2,-39,4,-56,6,-68,10,-81,q
6,0,0,27,-1,54,-7,79,-10,99,-6,43,-41,60,-67,72,-87,78,-105,27,-43,42,-70,49,-91,53,-110,14,-40,26,-64,31,-83,36,-101,1,-31,5,-48,8,-59,13,-71,q
7,0,0,26,1,53,-5,78,-7,98,-4,42,-36,62,-59,77,-80,83,-98,29,-39,48,-62,58,-79,63,-98,16,-35,31,-56,38,-72,43,-89,5,-26,10,-39,13,-49,18,-59,q
8,0,0,28,-2,55,-8,81,-9,102,-8,46,-34,64,-55,81,-75,89,-94,34,-35,50,-58,62,-76,66,-94,22,-29,35,-51,42,-66,47,-83,10,-22,16,-36,20,-43,24,-52,q
9,0,0,27,-2,58,-9,82,-10,103,-9,49,-34,68,-53,85,-71,95,-90,37,-34,52,-55,66,-71,70,-89,26,-28,38,-48,45,-62,51,-79,14,-22,20,-32,24,-40,26,-47,q
10,0,0,26,-3,54,-6,80,-8,101,-8,49,-29,73,-45,88,-56,101,-71,38,-26,56,-41,72,-55,77,-69,28,-19,41,-30,52,-46,56,-57,18,-10,23,-16,29,-19,32,-22,q
11,0,0,26,-4,54,-6,80,-8,101,-9,50,-30,74,-45,89,-57,101,-72,39,-27,56,-41,73,-55,77,-69,30,-20,44,-33,52,-47,56,-57,19,-11,24,-17,30,-20,33,-23,q
12,0,0,24,1,52,-2,80,-4,98,-9,56,-16,77,-34,91,-44,102,-51,46,-14,60,-27,80,-40,79,-48,39,-10,50,-22,55,-29,57,-37,22,-3,24,-4,33,-5,33,-4,q
13,0,0,-391,-238,73,-10,88,-8,101,-16,68,-18,86,-27,98,-35,111,-45,53,-13,66,-21,78,-20,89,-25,40,-3,50,-10,58,-11,65,-15,25,7,36,11,39,11,42,12,q
14,0,0,24,1,61,-2,79,-7,-396,-232,57,-8,87,-14,81,-7,93,-13,42,-2,59,-4,76,-5,90,-8,31,6,47,5,57,4,66,4,18,18,29,24,35,27,41,28,q
15,0,0,29,-4,58,-3,81,-5,98,-16,56,-5,85,-3,105,-2,113,0,44,5,66,11,84,14,97,15,33,15,53,21,63,24,70,25,19,26,29,33,36,39,43,44,q
16,0,0,25,-5,52,-5,83,-3,100,-13,60,2,88,5,108,9,115,13,51,15,71,24,89,29,104,33,39,25,58,36,67,41,77,43,25,36,35,47,42,54,48,60,q
17,0,0,26,-6,54,-6,85,-4,101,-14,61,1,89,4,110,8,117,12,53,14,73,24,90,28,105,32,39,24,59,35,68,40,78,43,26,35,36,46,43,53,48,58,q
18,0,0,25,-6,55,-4,86,0,101,-12,64,6,91,13,112,19,118,22,54,19,74,31,92,38,106,43,40,29,58,42,69,49,78,54,26,39,36,52,42,60,47,67,q
19,0,0,29,-4,61,2,87,5,102,-8,66,13,92,23,113,32,119,36,55,26,76,41,93,50,107,57,41,36,57,52,68,61,77,68,26,45,37,65,41,74,44,74,q
20,0,0,30,-3,61,4,86,7,100,-6,66,18,91,32,111,43,119,48,54,32,74,50,90,62,103,71,39,41,54,63,65,74,74,83,23,50,32,74,35,83,37,83,q
21,0,0,30,0,61,8,86,12,98,-1,63,24,89,41,110,53,120,60,51,37,70,59,86,74,98,86,35,46,48,69,58,86,-401,-213,19,53,27,76,29,86,30,86,q
22,0,0,31,1,61,12,85,18,98,6,62,29,87,48,104,61,117,72,49,41,66,66,86,84,96,90,32,49,44,73,52,90,-403,-212,16,55,22,80,24,90,23,90,q
23,0,0,31,1,61,12,85,18,97,5,62,29,87,48,104,60,118,72,49,41,66,66,84,84,95,91,32,49,44,74,53,91,-403,-212,16,56,23,80,24,91,23,91,q
24,0,0,31,1,61,13,85,21,98,10,62,32,85,53,100,67,114,80,48,44,64,70,80,92,-405,-212,30,51,41,75,47,92,41,92,14,57,19,81,20,92,20,92,q
25,0,0,30,1,61,14,84,23,98,12,61,33,83,55,98,69,112,82,47,44,63,71,76,91,-407,-213,30,51,39,74,44,91,38,91,13,56,17,81,17,91,16,91,q
26,0,0,31,2,60,15,84,24,97,14,61,34,82,55,98,70,112,83,47,45,62,72,78,94,-409,-213,29,53,38,76,46,94,39,94,13,58,16,83,17,94,18,94,q
27,0,0,30,3,59,16,82,25,96,15,60,35,81,57,97,71,110,86,45,46,61,74,76,95,-411,-213,28,53,37,77,44,95,37,95,11,57,15,83,16,95,15,95,q
28,0,0,29,3,58,16,80,27,96,17,60,37,83,59,97,73,110,87,45,48,61,75,73,94,-411,-214,28,54,37,79,42,94,36,94,10,57,13,81,14,94,11,94,q
29,0,0,29,3,58,16,81,27,96,17,60,37,83,59,97,73,110,87,45,48,61,75,73,94,-411,-214,28,54,37,79,42,94,36,94,10,57,13,81,14,94,11,94,q
30,0,0,29,5,57,18,80,29,95,19,58,39,80,62,93,77,106,90,43,51,58,79,68,95,-413,-214,25,56,34,81,35,95,32,95,8,58,11,83,10,95,9,95,q
31,0,0,29,4,58,17,80,28,96,18,58,39,78,63,92,79,104,93,42,50,56,80,68,100,-413,-217,24,55,32,83,34,100,29,100,6,57,9,83,9,100,8,100,q
32,0,0,29,5,57,18,80,29,96,20,57,41,77,66,90,82,101,97,41,52,55,82,66,104,-413,-217,24,58,31,86,34,104,29,104,6,60,8,86,8,104,9,104,q
33,0,0,28,4,57,19,81,30,97,20,57,41,76,67,89,84,100,100,41,52,54,84,61,100,-413,-218,23,57,30,86,31,100,28,100,5,60,7,87,6,100,4,100,q
34,0,0,26,6,54,19,78,32,95,21,55,43,73,70,86,91,96,99,38,53,51,85,52,99,-416,-218,20,58,29,89,28,99,28,99,3,60,7,89,7,99,5,99,q
35,0,0,26,5,54,18,78,31,95,20,55,42,73,69,86,90,96,98,38,52,51,84,52,98,-416,-219,20,57,29,88,28,98,28,98,3,59,7,88,7,98,5,98,q
36,0,0,27,5,56,19,80,32,97,22,55,43,74,71,85,93,95,99,38,52,52,87,51,99,-416,-220,20,56,31,89,33,99,30,99,2,58,11,87,14,99,13,99,q
37,0,0,27,6,55,20,80,32,98,24,55,42,72,71,78,92,85,102,37,51,50,87,48,88,42,80,18,56,32,88,29,82,27,74,2,58,13,84,15,83,15,76,q
38,0,0,26,5,54,19,78,33,97,25,52,42,68,71,76,91,81,103,35,50,46,84,40,77,37,67,17,55,28,85,24,77,22,67,1,57,11,80,10,74,8,67,q
39,0,0,25,4,53,18,76,33,97,26,52,40,65,71,73,95,48,53,34,48,46,80,38,72,34,60,16,54,27,80,23,72,20,62,-1,56,10,77,9,71,5,63,q
40,0,0,25,3,53,17,79,31,100,25,52,38,64,68,72,93,77,103,35,47,46,74,38,67,33,56,16,52,28,75,22,67,17,56,1,55,11,73,8,66,4,58,q
41,0,0,25,3,53,17,79,31,100,25,52,38,64,68,72,93,77,103,35,47,46,74,38,67,33,56,16,52,28,75,22,67,17,56,1,55,10,72,8,66,4,58,q
42,0,0,25,4,55,19,79,32,100,27,52,39,62,71,70,99,48,49,33,48,45,72,36,62,31,51,14,53,26,72,21,63,16,52,-2,55,9,70,7,64,3,57,q
43,0,0,26,4,56,21,81,35,100,27,50,39,58,68,66,94,67,113,31,47,42,70,36,60,32,49,12,52,25,69,22,61,17,51,-3,55,8,68,7,62,5,56,q
44,0,0,26,4,56,24,77,40,99,39,45,40,53,70,59,94,60,111,26,46,37,69,34,61,32,54,8,51,22,69,22,61,18,52,-6,54,7,66,8,62,7,56,q
45,0,0,26,6,53,28,72,44,94,47,37,42,46,73,51,97,52,114,19,47,32,70,32,63,30,51,2,51,17,70,17,62,15,54,-11,52,2,66,4,62,3,56,q
46,0,0,29,8,55,31,73,50,93,58,36,45,44,76,48,103,52,57,17,51,32,72,35,64,33,53,2,54,18,71,20,62,19,55,-11,54,2,66,6,62,7,56,q
47,0,0,29,8,55,31,73,50,93,58,36,45,44,76,48,103,52,57,17,51,31,73,35,64,33,53,2,54,18,71,20,62,19,55,-11,54,2,66,6,62,7,56,q
48,0,0,29,9,52,32,66,58,84,69,30,48,39,76,43,102,41,119,12,52,30,72,34,64,33,54,-2,54,16,69,20,61,20,51,-14,53,-1,63,7,59,4,51,q
49,0,0,29,10,51,33,62,62,79,75,28,50,35,78,38,104,36,119,10,54,28,75,34,67,29,53,-4,55,14,70,20,61,19,51,-15,54,-2,64,5,60,3,51,q
50,0,0,28,11,50,37,59,65,74,82,26,53,32,85,34,109,32,124,7,57,25,78,30,70,26,56,-7,58,10,72,16,63,15,54,-18,56,-5,67,1,63,0,55,q
51,0,0,28,11,49,38,57,68,71,84,24,53,30,85,31,111,29,122,6,56,23,79,28,69,26,56,-8,56,9,72,16,63,15,53,-18,55,-4,67,3,63,11,54,q
52,0,0,28,12,48,39,54,67,68,87,22,53,27,85,29,109,24,126,3,55,20,79,26,71,23,55,-9,56,7,72,14,64,12,54,-19,56,-6,67,1,63,9,55,q
53,0,0,27,12,47,39,53,67,67,87,21,54,26,85,28,110,23,131,2,55,19,79,25,70,22,55,-10,57,6,72,13,64,11,54,-20,56,-6,67,1,63,8,54,q
54,0,0,28,13,48,40,53,69,64,88,20,54,25,86,26,111,22,128,2,56,18,78,25,70,22,55,-10,57,7,71,14,62,12,53,-19,55,-4,65,1,61,9,53,q
55,0,0,26,15,44,42,50,70,60,92,17,59,20,91,21,114,19,130,-1,59,14,82,23,77,20,59,-12,59,3,73,11,64,11,55,-22,56,-10,66,-1,63,5,55,q
56,0,0,27,15,46,43,49,71,57,93,14,58,18,92,19,117,15,132,-3,59,12,80,20,72,18,58,-13,58,1,71,9,63,9,54,-22,55,-11,63,-2,60,4,54,q
57,0,0,27,15,45,43,48,72,56,94,12,57,15,87,16,113,10,136,-6,59,8,83,19,76,18,61,-16,58,-2,73,8,65,6,56,-23,55,-15,66,-2,65,3,56,q
58,0,0,26,17,44,45,46,73,54,96,9,59,11,91,12,115,9,134,-8,60,6,84,17,75,17,63,-18,59,-4,74,8,68,5,57,-25,57,-14,66,1,65,1,57,q
59,0,0,26,16,44,45,46,73,55,96,9,59,11,92,13,116,10,133,-8,60,6,85,17,74,17,62,-18,60,-3,74,11,69,7,57,-25,57,-9,67,2,65,2,57,q
60,0,0,25,16,43,43,46,73,55,96,8,58,10,88,11,115,25,63,-9,58,7,84,17,73,17,62,-18,58,-2,74,8,67,5,58,-24,56,-10,67,1,65,0,57,q
61,0,0,25,15,45,41,48,70,56,94,8,57,12,87,12,113,26,62,-8,58,8,82,18,71,18,60,-17,57,-2,72,10,66,8,56,-22,55,-10,66,3,64,2,56,q
62,0,0,26,15,45,42,49,71,57,94,10,57,12,88,13,114,26,62,-7,58,8,81,18,70,19,60,-17,57,-2,71,9,65,7,55,-23,55,-11,65,1,61,2,55,q
63,0,0,26,14,46,40,49,69,57,91,8,54,12,85,14,113,24,58,-8,56,9,80,17,66,17,57,-18,55,-2,68,8,62,6,52,-24,53,-11,63,0,58,1,52,q
64,0,0,25,13,45,38,48,67,57,90,7,52,12,84,13,113,23,56,-9,55,9,78,15,65,17,56,-19,55,-2,67,7,61,5,52,-25,53,-11,62,-2,58,0,51,q
65,0,0,25,13,45,37,48,67,56,90,7,52,13,80,21,67,23,55,-9,55,9,80,15,65,16,55,-18,55,-1,68,7,61,5,51,-25,53,-10,61,-2,58,0,51,q
66,0,0,25,14,45,38,49,68,58,91,8,54,13,84,14,113,26,56,-8,56,10,77,17,65,18,55,-17,56,-1,67,9,61,11,50,-23,53,-10,61,1,58,2,51,q
67,0,0,25,12,45,37,48,67,57,90,7,52,13,84,14,112,26,56,-8,55,10,80,18,66,18,56,-16,55,0,68,12,63,11,51,-22,53,-7,62,2,59,1,52,q
68,0,0,24,12,44,37,47,66,56,89,6,51,12,83,14,112,23,55,-9,54,9,80,16,65,16,54,-18,54,-1,68,9,61,5,51,-23,52,-7,62,1,59,0,51,q
69,0,0,26,13,47,38,50,67,58,90,8,52,14,84,16,114,25,55,-8,54,11,81,18,66,18,54,-16,55,2,69,12,63,8,53,-20,54,-5,63,4,60,2,52,q
70,0,0,25,13,46,38,49,67,58,90,8,53,14,85,16,114,26,57,-8,56,11,82,18,67,19,57,-17,57,1,70,12,63,7,53,-21,55,-6,64,4,60,2,53,q
71,0,0,25,13,46,38,49,67,58,90,8,53,14,85,16,114,26,57,-8,56,11,82,18,67,19,57,-17,57,1,70,12,63,7,53,-21,55,-6,64,4,60,2,53,q
72,0,0,25,13,46,38,49,67,58,90,7,52,13,85,16,113,25,56,-9,56,10,82,18,66,19,57,-18,56,0,70,12,64,7,52,-22,54,-6,63,4,60,2,52,q
73,0,0,25,12,47,38,50,67,59,89,8,52,14,84,17,113,25,55,-8,55,11,79,18,65,19,55,-17,55,1,69,11,62,8,51,-21,54,-6,63,5,60,3,52,q
74,0,0,25,13,47,39,50,68,58,90,8,53,14,86,17,115,27,57,-8,56,11,81,19,67,20,57,-16,56,2,71,13,64,8,53,-20,55,-4,64,5,61,4,53,q
75,0,0,26,13,47,38,50,67,59,90,9,53,15,86,17,114,28,57,-7,56,12,82,19,67,20,57,-16,56,3,71,14,65,8,53,-20,55,-4,64,6,61,4,53,q
76,0,0,26,12,47,39,50,67,60,90,9,53,16,84,17,114,28,56,-7,56,13,81,19,66,20,57,-16,57,3,71,13,64,8,52,-20,55,-4,64,5,61,3,53,q
77,0,0,26,12,47,38,50,67,60,90,9,53,16,84,17,114,27,56,-7,56,13,81,19,67,20,57,-16,57,3,71,13,64,8,53,-20,55,-4,64,5,61,3,53,q
78,0,0,26,12,47,38,50,67,60,89,9,53,16,85,17,114,28,56,-7,56,12,81,19,66,20,57,-16,57,2,70,12,63,8,52,-20,55,-5,63,5,60,3,53,q
79,0,0,25,13,46,38,49,68,58,90,7,53,14,85,17,114,26,57,-9,56,11,81,18,67,19,58,-17,57,1,71,12,65,8,54,-21,56,-5,65,5,62,3,54,q
80,0,0,26,13,47,38,51,68,60,90,9,53,15,85,18,114,27,57,-7,56,12,80,20,67,20,57,-16,57,2,70,13,63,9,53,-20,55,-3,65,6,61,4,53,q
81,0,0,26,13,48,39,51,68,60,90,9,54,16,86,18,115,28,57,-7,57,13,83,20,67,21,58,-15,57,3,72,14,65,9,53,-20,56,-3,65,6,62,4,54,q
82,0,0,26,14,47,39,51,69,60,91,9,55,16,88,17,116,28,59,-6,58,13,81,20,68,21,59,-15,58,2,70,14,65,13,54,-19,56,-1,64,6,62,4,54,q
83,0,0,26,14,47,39,50,69,60,91,9,55,16,88,17,116,28,58,-6,58,13,82,20,68,21,58,-15,59,2,70,14,65,9,54,-20,56,-5,65,5,61,4,54,q
84,0,0,26,14,47,39,51,69,59,91,9,55,16,88,18,116,29,58,-6,58,13,82,20,68,22,59,-15,59,3,71,14,64,15,54,-20,56,-2,65,6,62,4,54,q
85,0,0,26,13,46,39,50,69,59,90,9,55,15,87,18,115,28,59,-7,58,12,81,20,68,22,59,-15,57,3,71,14,64,16,54,-19,56,0,65,6,62,4,54,q
86,0,0,26,13,47,39,51,69,59,90,9,55,16,89,18,116,29,59,-7,58,13,80,20,68,22,59,-15,58,3,70,15,65,15,54,-19,56,1,63,7,62,4,54,q
87,0,0,26,13,47,39,50,69,59,90,9,54,16,87,18,115,28,58,-7,58,13,82,20,68,21,59,-15,58,4,72,15,65,10,54,-19,57,-1,65,7,62,4,54,q
88,0,0,26,14,47,40,50,70,59,91,9,55,16,89,18,116,28,60,-7,58,12,82,21,69,22,60,-15,59,4,72,15,66,15,55,-19,57,0,66,7,63,4,55,q
89,0,0,26,14,47,40,50,70,59,91,9,55,16,89,18,116,28,60,-7,58,13,83,20,69,22,60,-15,59,4,72,16,67,14,55,-19,57,-1,66,7,63,4,56,q
90,0,0,26,14,47,39,50,69,59,91,9,55,16,89,18,116,28,60,-7,58,13,82,20,69,22,60,-16,58,3,71,15,65,14,56,-19,57,-1,66,6,63,4,55,q
91,0,0,26,14,47,39,50,68,60,91,9,56,16,89,19,115,29,60,-7,58,13,82,21,69,22,60,-15,58,3,71,15,66,14,56,-19,57,-2,65,7,63,4,54,q
92,0,0,27,14,48,40,52,69,61,91,10,56,18,90,20,117,31,60,-5,59,14,83,23,70,24,61,-14,59,4,72,17,66,15,56,-18,57,1,64,10,64,9,56,q
93,0,0,26,13,47,37,51,65,61,89,10,55,17,87,21,114,31,58,-5,58,15,81,23,66,23,57,-13,58,8,72,18,64,20,54,-18,57,4,64,9,62,8,51,q
94,0,0,28,12,48,38,54,66,64,88,12,56,21,89,24,118,33,57,-3,58,18,82,25,67,25,58,-11,58,9,73,20,65,21,53,-18,56,0,64,11,63,10,54,q
95,0,0,27,12,47,38,53,66,63,88,11,56,21,89,23,118,32,57,-4,58,17,82,24,67,24,58,-12,58,7,72,19,65,20,53,-19,56,-1,64,10,63,8,54,q
96,0,0,28,11,48,37,55,64,65,86,13,53,23,84,29,112,32,53,-3,55,18,80,26,68,24,55,-13,58,8,72,20,65,17,55,-20,56,-1,66,8,62,7,55,q
97,0,0,28,13,50,40,57,67,69,89,16,57,27,87,36,111,42,128,1,62,22,84,32,77,29,60,-11,62,10,77,25,71,25,62,-20,60,0,71,10,67,16,61,q
98,0,0,28,8,50,35,60,62,72,82,18,52,31,82,41,105,48,124,0,57,24,80,36,77,29,56,-12,59,11,75,27,70,25,59,-20,58,-2,70,13,66,17,59,q
99,0,0,29,8,52,33,61,59,73,80,20,49,33,78,43,98,54,114,1,55,24,79,39,94,-425,-339,-10,57,10,76,25,74,27,62,-20,56,-2,71,8,68,19,61,q
100,0,0,29,5,53,33,64,59,77,77,23,49,38,83,51,100,61,114,5,55,27,84,41,91,51,97,-7,58,15,81,29,81,39,81,-17,59,2,77,16,75,20,68,q
101,0,0,28,6,52,33,63,59,75,78,22,49,37,83,49,99,60,114,3,55,26,84,40,91,50,96,-8,58,14,81,28,81,38,81,-18,59,1,76,14,75,19,68,q
102,0,0,26,6,51,30,64,58,78,77,24,53,40,85,52,98,62,112,6,58,28,90,37,88,40,80,-5,61,15,88,25,83,31,75,-16,61,3,82,12,80,13,73,q
103,0,0,26,5,49,28,63,53,76,72,25,50,41,83,50,92,57,92,8,57,27,88,37,92,41,86,-4,60,13,87,25,92,34,82,-15,62,1,84,7,92,14,85,q
104,0,0,24,3,49,27,59,49,70,64,28,48,41,70,-442,-408,-442,-408,10,56,30,70,-442,-408,-442,-408,-3,59,13,70,-442,-408,-442,-408,-15,56,-442,-408,-442,-408,-442,-408,q
0,0,0,17,-17,32,-32,46,-49,58,-61,18,-70,30,-103,37,-122,42,-140,-2,-68,-6,-108,-7,-131,-9,-334,-19,-63,-23,-97,-23,-115,-22,-129,-35,-56,-42,-77,-41,-87,-38,-98,r
1,0,0,16,-17,29,-34,35,-49,38,-64,18,-68,30,-100,37,-120,42,-138,-3,-70,-10,-101,-11,-122,-11,-138,-21,-65,-26,-97,-27,-100,-24,-83,-36,-57,-41,-78,-38,-79,-33,-71,r
2,0,0,21,-17,30,-37,26,-48,22,-60,20,-68,31,-98,39,-117,45,-136,-3,-69,-13,-98,-12,-109,-10,-117,-21,-64,-28,-89,-26,-88,-12,-73,-35,-55,-37,-72,-28,-65,-23,-54,r
3,0,0,18,-13,31,-34,26,-48,26,-60,21,-69,32,-100,39,-119,46,-138,-2,-72,-12,-100,-11,-111,-9,-119,-20,-66,-27,-92,-25,-90,-11,-75,-34,-57,-36,-74,-28,-67,-22,-57,r
4,0,0,18,-16,29,-37,21,-54,17,-69,20,-71,34,-103,41,-120,48,-138,-3,-67,-13,-103,-11,-110,-5,-106,-18,-60,-26,-89,-15,-79,-6,-65,-31,-51,-32,-71,-22,-62,-17,-52,r
5,0,0,17,-17,26,-40,15,-58,-1,-72,21,-73,35,-103,42,-120,49,-138,0,-68,-14,-106,-12,-110,-5,-104,-16,-59,-25,-87,-10,-74,-5,-67,-29,-51,-29,-70,-19,-61,-13,-50,r
6,0,0,16,-18,24,-41,11,-59,-5,-71,22,-73,36,-102,44,-119,52,-135,4,-67,-15,-103,-14,-112,-9,-111,-15,-59,-25,-85,-11,-73,-7,-67,-29,-51,-27,-68,-18,-61,-12,-50,r
7,0,0,16,-17,25,-39,11,-56,-1,-68,21,-74,36,-101,45,-117,54,-132,-4,-70,-15,-103,-17,-119,-18,-134,-16,-60,-25,-84,-9,-70,-4,-65,-28,-51,-27,-67,-16,-58,-7,-47,r
8,0,0,15,-16,22,-37,10,-52,-3,-65,21,-73,37,-99,-20,-127,56,-130,-6,-67,-14,-105,-18,-120,-435,-333,-16,-57,-26,-82,-11,-68,-2,-59,-28,-48,-26,-64,-16,-55,-8,-45,r
9,0,0,16,-17,22,-38,10,-54,-3,-66,21,-74,37,-100,-20,-128,56,-131,-7,-68,-14,-105,-435,-334,-435,-334,-17,-58,-26,-83,-11,-69,-2,-60,-28,-49,-26,-65,-16,-56,-7,-46,r
10,0,0,16,-17,24,-39,11,-53,-3,-66,22,-75,37,-100,46,-116,56,-130,-1,-69,-14,-108,-22,-128,-29,-145,-15,-59,-25,-81,-9,-68,-2,-62,-28,-49,-26,-63,-17,-57,-7,-47,r
11,0,0,14,-16,22,-37,10,-52,-2,-63,21,-76,-14,-109,-22,-128,57,-131,-7,-68,-23,-89,-10,-81,10,-63,-18,-59,-26,-81,-11,-68,-2,-60,-28,-49,-26,-63,-16,-54,-7,-46,r
12,0,0,15,-15,21,-35,11,-49,-4,-63,21,-75,37,-100,-23,-126,56,-130,-5,-68,-15,-104,-436,-333,9,-61,-17,-57,-26,-78,-11,-66,-3,-59,-28,-46,-26,-60,-17,-54,-7,-45,r
13,0,0,15,-14,21,-34,11,-49,-2,-60,21,-74,38,-100,-24,-127,58,-130,-3,-68,-15,-104,-21,-119,10,-60,-16,-57,-26,-78,-10,-66,-3,-59,-27,-46,-25,-60,-17,-54,-7,-45,r
14,0,0,15,-15,23,-36,11,-49,-3,-59,20,-74,37,-100,-26,-126,57,-131,-3,-69,-17,-104,-24,-119,10,-60,-16,-57,-27,-78,-12,-66,-3,-58,-28,-46,-27,-59,-17,-52,-8,-44,r
15,0,0,15,-16,24,-38,11,-50,-3,-60,20,-75,37,-101,-26,-128,57,-132,-2,-70,-17,-106,-24,-121,10,-61,-16,-58,-26,-79,-12,-67,-3,-59,-28,-46,-27,-60,-17,-54,-8,-45,r
16,0,0,13,-15,20,-37,8,-49,-4,-60,18,-76,36,-101,-28,-127,56,-132,-9,-68,-26,-87,-12,-80,7,-61,-19,-57,-29,-78,-14,-67,-6,-59,-29,-46,-28,-59,-20,-53,-10,-44,r
17,0,0,14,-14,21,-35,10,-48,-3,-59,19,-74,36,-100,-29,-126,56,-131,-4,-68,-19,-104,-435,-336,8,-59,-18,-55,-27,-76,-12,-64,-4,-56,-29,-45,-28,-58,-18,-52,-9,-42,r
18,0,0,13,-14,20,-35,9,-49,-5,-60,18,-74,36,-100,45,-116,55,-131,-4,-70,-19,-104,-29,-126,-38,-337,-17,-57,-28,-77,-12,-64,-5,-58,-29,-45,-28,-58,-19,-52,-9,-42,r
19,0,0,13,-15,19,-34,10,-49,-6,-61,18,-75,35,-102,45,-118,54,-133,-4,-71,-20,-105,-30,-127,-40,-338,-17,-59,-28,-77,-12,-65,-5,-58,-29,-46,-28,-58,-19,-52,-9,-43,r
20,0,0,13,-15,21,-37,10,-48,-4,-59,18,-75,34,-101,-30,-127,54,-133,-4,-70,-20,-104,-28,-121,7,-59,-18,-56,-28,-77,-13,-65,-5,-57,-29,-45,-29,-58,-19,-51,-9,-42,r
21,0,0,13,-16,20,-37,9,-50,-4,-60,18,-76,35,-103,-30,-128,55,-134,-5,-70,-20,-105,-435,-339,7,-61,-18,-57,-29,-78,-13,-66,-6,-58,-29,-46,-28,-59,-20,-53,-10,-44,r
22,0,0,13,-15,22,-38,8,-47,-5,-57,16,-74,33,-102,-31,-125,52,-134,-7,-68,-22,-103,-28,-116,6,-60,-20,-54,-30,-75,-16,-64,-6,-56,-31,-43,-30,-56,-20,-50,-11,-41,r
23,0,0,14,-16,21,-39,7,-48,-5,-59,18,-75,34,-103,43,-120,51,-136,-3,-71,-20,-106,-29,-127,-35,-139,-17,-55,-29,-77,-14,-65,-7,-58,-30,-44,-29,-58,-20,-51,-10,-41,r
24,0,0,14,-15,19,-34,8,-48,-5,-59,19,-74,33,-103,42,-120,51,-137,-2,-71,-17,-108,-24,-131,-30,-338,-16,-57,-29,-79,-13,-65,-6,-58,-29,-45,-28,-59,-19,-52,-10,-42,r
25,0,0,13,-14,17,-33,7,-47,-6,-58,17,-73,31,-104,39,-122,46,-138,-2,-71,-17,-106,-25,-130,-30,-337,-18,-55,-30,-78,-15,-64,-7,-57,-30,-44,-29,-57,-21,-51,-11,-42,r
26,0,0,11,-13,15,-32,4,-48,-9,-60,15,-72,26,-103,33,-123,39,-139,-2,-70,-16,-108,-22,-132,-27,-337,-18,-56,-31,-79,-15,-65,-9,-57,-31,-44,-31,-58,-23,-53,-14,-43,r
27,0,0,11,-13,15,-32,5,-47,-9,-60,15,-72,26,-103,33,-123,39,-139,-3,-70,-16,-109,-22,-132,-27,-337,-18,-56,-31,-79,-15,-65,-9,-57,-31,-44,-31,-58,-23,-53,-14,-42,r
28,0,0,11,-14,15,-33,4,-49,-9,-61,15,-71,23,-102,28,-123,31,-142,-1,-70,-11,-110,-16,-137,-20,-337,-18,-56,-31,-81,-15,-65,-9,-58,-31,-45,-31,-59,-23,-54,-15,-44,r
29,0,0,12,-13,15,-32,5,-48,-11,-62,14,-70,22,-102,24,-123,26,-141,-2,-67,-8,-109,-11,-133,-13,-335,-17,-55,-30,-79,-15,-64,-11,-59,-30,-45,-30,-58,-22,-53,-12,-42,r
30,0,0,10,-12,13,-30,4,-48,-12,-62,14,-67,18,-96,18,-117,17,-137,-2,-66,-7,-109,-7,-133,-8,-334,-18,-55,-30,-79,-17,-64,-11,-57,-31,-45,-31,-59,-23,-53,-14,-43,r
31,0,0,11,-12,14,-30,3,-49,-13,-63,14,-68,16,-95,15,-116,12,-134,0,-68,-5,-107,-5,-132,-5,-333,-17,-56,-30,-79,-16,-64,-12,-59,-31,-45,-31,-58,-22,-52,-14,-43,r
32,0,0,11,-13,14,-31,3,-50,-14,-64,15,-69,13,-93,10,-112,7,-130,0,-68,-7,-103,-6,-128,-3,-333,-18,-54,-31,-80,-18,-66,-13,-60,-30,-44,-31,-60,-23,-53,-15,-44,r
33,0,0,11,-13,14,-31,3,-50,-13,-64,14,-68,13,-93,10,-112,8,-130,0,-68,-7,-103,-6,-129,-3,-333,-18,-54,-31,-80,-18,-66,-13,-60,-31,-45,-31,-59,-23,-53,-14,-44,r
34,0,0,11,-12,14,-31,4,-49,-12,-63,15,-68,13,-91,8,-110,6,-126,-1,-67,-7,-98,-3,-131,-1,-332,-18,-55,-30,-81,-17,-65,-10,-59,-31,-45,-31,-60,-22,-54,-15,-44,r
35,0,0,11,-13,14,-31,3,-50,-13,-64,15,-67,13,-91,9,-108,5,-124,0,-68,-4,-98,-3,-124,-2,-331,-18,-56,-29,-81,-17,-66,-11,-59,-31,-46,-30,-60,-22,-54,-14,-44,r
36,0,0,12,-13,14,-32,4,-51,-9,-64,16,-68,15,-89,12,-107,10,-124,-2,-67,-3,-100,-1,-126,3,-331,-19,-57,-28,-81,-16,-68,-10,-60,-31,-48,-30,-61,-21,-55,-13,-46,r
37,0,0,14,-13,18,-30,9,-52,-3,-65,19,-67,20,-88,18,-107,17,-125,0,-67,1,-103,6,-129,7,-146,-15,-58,-24,-84,-11,-70,-3,-58,-27,-50,-24,-64,-16,-57,-8,-48,r
38,0,0,16,-16,21,-36,12,-57,-1,-68,19,-69,23,-88,23,-108,22,-127,-1,-68,4,-111,8,-138,7,-332,-14,-61,-21,-86,-7,-71,-1,-60,-25,-53,-22,-67,-14,-61,-4,-50,r
39,0,0,15,-15,20,-35,11,-55,-2,-67,19,-68,21,-89,22,-108,21,-126,-1,-67,4,-111,6,-135,7,-331,-15,-60,-22,-85,-8,-70,-2,-60,-26,-52,-23,-66,-15,-60,-6,-49,r
40,0,0,16,-17,24,-39,13,-58,2,-70,21,-70,25,-92,26,-110,26,-129,1,-71,6,-115,8,-138,6,-333,-14,-65,-20,-88,-5,-73,0,-64,-24,-56,-20,-69,-12,-63,-3,-53,r
41,0,0,18,-16,27,-38,18,-59,5,-71,21,-71,28,-90,31,-110,31,-129,1,-69,6,-112,9,-136,8,-332,-13,-63,-18,-87,-2,-70,4,-57,-23,-55,-18,-69,-10,-64,2,-52,r
42,0,0,19,-17,30,-41,23,-61,11,-72,20,-69,31,-89,35,-108,36,-129,2,-67,9,-112,11,-135,9,-333,-10,-63,-15,-88,4,-68,7,-57,-21,-55,-13,-69,-3,-65,7,-55,r
43,0,0,19,-17,32,-40,29,-62,15,-75,16,-68,29,-90,35,-111,36,-132,2,-66,7,-113,9,-137,7,-336,-10,-63,-15,-89,8,-70,14,-59,-22,-56,-11,-71,2,-67,14,-54,r
44,0,0,19,-16,33,-38,32,-60,20,-71,15,-67,31,-91,36,-111,37,-132,3,-64,10,-114,12,-134,9,-337,-9,-60,-12,-88,12,-71,19,-58,-20,-55,-8,-71,5,-66,17,-55,r
45,0,0,20,-17,34,-39,33,-61,20,-73,17,-68,32,-92,37,-113,38,-133,5,-65,11,-115,12,-134,10,-338,-7,-62,-11,-89,12,-72,20,-59,-19,-56,-7,-72,6,-67,18,-56,r
46,0,0,22,-16,39,-38,40,-61,29,-72,21,-67,32,-94,36,-115,36,-133,10,-65,13,-114,14,-133,28,-60,-7,-62,-7,-89,21,-69,27,-57,-15,-56,-1,-71,15,-65,26,-55,r
47,0,0,23,-17,42,-39,44,-62,30,-72,23,-67,29,-96,32,-119,30,-136,-1,-78,7,-95,10,-134,33,-59,-5,-66,0,-86,24,-70,33,-56,-12,-57,4,-68,19,-64,29,-58,r
48,0,0,25,-21,43,-39,48,-61,35,-73,5,-80,25,-99,29,-122,38,-51,-6,-73,7,-96,33,-71,40,-57,-13,-64,8,-84,30,-69,40,-52,-7,-57,12,-67,28,-61,39,-54,r
49,0,0,26,-21,42,-39,52,-59,52,-63,-9,-65,8,-113,7,-129,46,-52,-11,-63,11,-89,26,-122,45,-63,-10,-58,13,-82,37,-70,45,-59,-4,-52,19,-63,35,-57,45,-49,r
50,0,0,26,-19,41,-39,11,-73,53,-67,-5,-63,8,-96,9,-116,11,-342,-5,-58,22,-99,25,-123,55,-66,0,-51,23,-80,48,-68,58,-59,7,-45,30,-61,46,-55,56,-47,r
51,0,0,26,-19,41,-39,50,-59,52,-68,-5,-63,7,-92,9,-112,56,-46,-5,-58,22,-81,49,-70,55,-68,0,-51,24,-79,47,-67,58,-56,8,-44,30,-61,46,-55,56,-47,r
52,0,0,25,-18,41,-38,45,-66,61,-48,0,-62,6,-103,8,-122,10,-341,0,-57,24,-81,22,-124,58,-64,5,-50,28,-77,51,-68,62,-55,12,-43,38,-58,52,-54,62,-45,r
53,0,0,1,-23,3,-46,20,-63,62,-43,2,-59,6,-98,9,-116,12,-337,6,-52,33,-73,46,-67,58,-57,11,-43,35,-71,55,-61,62,-46,22,-33,42,-54,55,-47,61,-39,r
54,0,0,1,-24,4,-49,46,-64,-477,-340,3,-64,4,-101,9,-119,15,-340,5,-56,20,-94,21,-121,53,-61,11,-47,35,-73,55,-64,61,-48,19,-40,44,-55,56,-48,61,-39,r
55,0,0,3,-24,14,-44,22,-65,-478,-344,4,-65,6,-101,10,-119,17,-344,6,-57,35,-75,21,-120,53,-62,12,-49,37,-74,56,-65,59,-44,20,-41,45,-56,57,-49,60,-39,r
58,0,0,25,-19,39,-42,-482,-357,56,-64,-1,-62,5,-102,14,-118,51,-68,2,-59,30,-81,54,-68,53,-61,7,-53,33,-78,52,-67,53,-47,14,-46,39,-62,53,-53,54,-43,r
62,0,0,28,-20,43,-42,-480,-369,-480,-369,-3,-64,7,-102,13,-120,-480,-369,-4,-62,20,-99,21,-120,53,-62,-1,-58,23,-82,47,-69,56,-58,6,-52,28,-64,43,-56,51,-46,r
63,0,0,27,-20,42,-42,-480,-370,-480,-370,-2,-66,7,-103,12,-120,52,-57,-5,-63,19,-101,21,-120,53,-62,-1,-58,23,-82,47,-69,55,-58,5,-53,28,-64,43,-57,51,-46,r
65,0,0,28,-21,45,-42,57,-57,57,-61,-2,-67,12,-103,16,-121,52,-46,-4,-65,23,-100,23,-121,51,-62,-1,-61,23,-83,46,-69,54,-59,4,-54,27,-65,42,-57,50,-47,r
66,0,0,29,-22,46,-42,54,-58,47,-61,-1,-68,11,-100,14,-118,47,-60,-6,-66,18,-86,45,-70,49,-61,-4,-62,19,-80,42,-68,48,-57,2,-55,23,-64,38,-56,48,-45,r
67,0,0,27,-21,44,-40,52,-58,41,-68,2,-70,25,-102,10,-113,44,-45,-6,-67,13,-87,40,-68,42,-61,-7,-63,15,-81,36,-65,44,-46,-2,-57,19,-65,33,-57,43,-46,r
68,0,0,24,-17,43,-36,48,-58,35,-69,16,-77,25,-107,20,-122,38,-47,1,-74,14,-98,13,-116,39,-47,-5,-67,11,-82,32,-63,38,-43,-6,-57,13,-65,27,-57,38,-46,r
69,0,0,24,-17,43,-36,47,-58,35,-69,15,-76,25,-107,20,-121,10,-371,1,-74,14,-98,13,-116,39,-47,-5,-67,11,-82,31,-64,38,-44,-6,-56,13,-64,27,-57,38,-46,r
70,0,0,23,-16,43,-37,46,-58,32,-69,17,-75,26,-101,22,-120,14,-374,2,-76,12,-88,34,-59,35,-54,-5,-69,10,-80,27,-65,34,-48,-8,-57,9,-65,22,-59,32,-65,r
71,0,0,23,-16,42,-36,40,-58,28,-68,21,-64,25,-103,13,-112,13,-377,0,-71,8,-88,32,-57,32,-52,-7,-67,7,-79,26,-59,31,-45,-10,-56,5,-65,18,-59,28,-46,r
72,0,0,22,-12,40,-31,39,-52,25,-64,18,-61,27,-101,24,-377,-466,-377,-2,-68,7,-85,30,-78,30,-48,-7,-61,1,-81,20,-62,29,-42,-12,-52,2,-61,15,-54,29,-41,r
73,0,0,22,-14,39,-32,38,-53,24,-66,28,-78,27,-105,23,-382,-463,-382,5,-69,5,-87,29,-81,-463,-382,-7,-61,-1,-83,17,-64,28,-41,-14,-53,-1,-63,13,-53,25,-42,r
74,0,0,20,-13,35,-31,35,-50,19,-64,25,-77,25,-102,22,-383,-463,-383,4,-69,13,-101,26,-80,30,-71,-9,-61,-5,-81,13,-63,18,-58,-16,-52,-6,-61,8,-52,18,-62,r
75,0,0,21,-13,36,-30,35,-49,20,-63,27,-76,26,-102,23,-382,-462,-382,5,-68,4,-86,26,-78,30,-71,-8,-60,-4,-80,14,-63,18,-57,-15,-51,-5,-60,9,-51,19,-62,r
76,0,0,19,-13,35,-31,34,-50,17,-64,25,-76,25,-100,24,-383,-463,-383,4,-70,10,-97,25,-78,-463,-383,-9,-60,-7,-82,12,-63,16,-58,-18,-52,-7,-61,6,-52,16,-62,r
77,0,0,19,-14,34,-32,34,-51,17,-67,25,-77,24,-103,22,-383,-463,-383,4,-72,3,-88,-463,-383,-463,-383,-10,-61,-7,-83,11,-66,15,-61,-17,-53,-8,-63,6,-54,16,-65,r
78,0,0,19,-14,34,-32,34,-51,18,-67,12,-65,25,-103,21,-381,30,-69,3,-71,13,-103,25,-80,29,-67,-10,-62,-7,-84,12,-66,19,-63,-17,-53,-7,-63,7,-53,18,-43,r
79,0,0,19,-13,35,-31,35,-50,18,-66,25,-76,24,-105,22,-378,-465,-378,6,-71,12,-104,25,-79,29,-65,-10,-62,-6,-83,13,-65,19,-61,-17,-53,-6,-62,8,-52,20,-43,r
80,0,0,20,-13,34,-30,35,-50,18,-65,25,-76,24,-104,21,-376,31,-68,6,-71,4,-86,25,-78,30,-67,-9,-62,-6,-82,12,-65,18,-61,-17,-52,-6,-61,8,-52,20,-43,r
81,0,0,20,-13,34,-30,35,-50,18,-65,25,-76,24,-104,21,-376,30,-67,6,-71,4,-86,25,-78,29,-67,-9,-62,-6,-82,12,-65,18,-61,-17,-52,-6,-61,8,-52,20,-43,r
82,0,0,19,-14,34,-32,34,-51,17,-67,25,-77,24,-107,18,-377,32,-72,6,-72,2,-88,25,-80,29,-68,-9,-61,-6,-84,13,-66,17,-62,-16,-54,-6,-63,8,-53,20,-44,r
83,0,0,20,-14,35,-32,35,-52,18,-67,26,-78,25,-103,23,-377,-467,-377,7,-72,14,-103,26,-80,29,-68,-8,-63,-5,-84,13,-66,19,-64,-16,-54,-6,-63,9,-53,21,-44,r
84,0,0,20,-14,34,-32,35,-51,17,-67,26,-79,25,-104,22,-377,32,-74,5,-74,14,-104,26,-81,28,-68,-10,-63,-6,-85,13,-66,18,-62,-17,-54,-6,-64,8,-54,20,-45,r
85,0,0,20,-14,35,-33,35,-52,18,-67,26,-78,25,-107,18,-377,33,-75,5,-71,-468,-377,26,-81,29,-70,-10,-62,-5,-85,13,-67,18,-62,-17,-54,-6,-64,7,-55,17,-65,r
86,0,0,21,-15,35,-33,36,-53,20,-69,14,-67,26,-106,28,-81,32,-70,6,-74,16,-85,26,-82,32,-70,-9,-64,-5,-86,14,-67,21,-65,-16,-55,-5,-65,9,-55,21,-45,r
87,0,0,21,-15,35,-33,36,-53,20,-69,24,-78,26,-106,28,-82,33,-71,6,-75,16,-85,26,-82,32,-70,-9,-64,-5,-86,14,-67,21,-65,-16,-55,-5,-65,9,-55,21,-45,r
88,0,0,21,-15,37,-33,38,-53,21,-68,27,-78,27,-106,24,-377,32,-71,6,-75,15,-105,27,-82,31,-69,-8,-64,-3,-86,15,-68,23,-65,-15,-55,-3,-65,11,-55,23,-46,r
89,0,0,21,-16,35,-36,36,-56,21,-71,28,-78,27,-106,24,-377,-469,-377,6,-70,3,-91,-469,-377,-469,-377,-7,-65,-3,-88,16,-69,24,-49,-15,-57,-3,-67,10,-58,22,-48,r
90,0,0,19,-16,35,-37,35,-58,25,-75,19,-69,25,-104,24,-378,-471,-378,9,-66,15,-104,15,-378,24,-59,-7,-66,-3,-89,17,-68,23,-51,-16,-58,-4,-69,10,-61,22,-51,r
91,0,0,19,-19,36,-40,36,-61,-472,-384,18,-73,24,-103,25,-384,-472,-384,1,-73,6,-99,9,-119,28,-65,-9,-68,-1,-91,20,-73,26,-64,-16,-60,-3,-74,12,-65,23,-54,r
92,0,0,19,-20,35,-43,37,-64,42,-75,17,-69,40,-82,8,-115,20,-393,5,-66,1,-97,28,-72,29,-60,-6,-64,0,-92,21,-70,21,-53,-16,-60,-3,-76,12,-66,20,-55,r
93,0,0,19,-21,36,-43,37,-64,42,-76,17,-69,40,-82,8,-115,21,-393,5,-66,1,-97,28,-72,29,-61,-6,-64,0,-92,21,-70,21,-54,-16,-60,-2,-76,12,-66,20,-55,r
94,0,0,23,-21,43,-47,50,-66,50,-87,5,-88,18,-90,-477,-409,-477,-409,0,-71,-477,-409,-477,-409,-477,-409,-9,-65,-477,-409,-477,-409,-477,-409,-17,-58,-477,-409,-477,-409,-477,-409,r
95,0,0,-480,-437,-480,-437,-480,-437,-480,-437,-480,-437,-480,-437,-480,-437,-480,-437,-480,-437,-480,-437,-480,-437,-480,-437,-480,-437,-480,-437,-480,-437,-480,-437,-480,-437,-480,-437,-480,-437,-480,-437,r
96,0,0,0,0,0,0,0,0,0,0,0,0,0,0,0,0,0,0,0,0,0,0,0,0,0,0,0,0,0,0,0,0,0,0,0,0,0,0,0,0,0,0,r
0,0,0,5,-17,7,-33,6,-44,5,-48,0,-71,7,-105,12,-124,16,-141,-19,-71,-20,-107,-20,-125,-21,-139,-32,-64,-37,-96,-36,-114,-35,-122,-44,-51,-47,-75,-49,-87,-49,-97,t
1,0,0,1,-16,0,-32,-6,-44,-4,-53,-3,-73,4,-106,8,-125,12,-141,-21,-71,-22,-108,-21,-125,-20,-136,-33,-62,-37,-93,-36,-111,-33,-120,-42,-49,-46,-73,-48,-86,-46,-93,t
2,0,0,-1,-17,-5,-37,-12,-45,-20,-55,-5,-74,2,-105,6,-125,10,-142,-21,-71,-23,-105,-21,-123,-20,-136,-32,-63,-36,-93,-35,-110,-32,-119,-42,-53,-45,-73,-46,-86,-44,-93,t
3,0,0,-2,-16,-10,-35,-16,-44,-24,-53,-5,-73,2,-106,6,-124,10,-141,-21,-71,-23,-104,-20,-121,-19,-135,-31,-64,-36,-90,-34,-109,-32,-117,-40,-54,-43,-74,-43,-85,-42,-90,t
4,0,0,-4,-16,-13,-33,-19,-44,-28,-52,-5,-74,2,-105,5,-124,9,-140,-21,-73,-23,-105,-20,-122,-18,-134,-31,-67,-35,-92,-33,-109,-31,-117,-39,-58,-41,-79,-41,-86,-40,-92,t
5,0,0,-6,-14,-16,-33,-22,-42,-31,-50,-6,-71,1,-103,5,-121,8,-137,-21,-71,-23,-101,-20,-119,-17,-131,-32,-65,-34,-89,-33,-106,-30,-113,-39,-57,-41,-74,-40,-82,-39,-89,t
6,0,0,-6,-13,-15,-31,-22,-41,-31,-49,-6,-70,1,-102,5,-121,8,-136,-21,-70,-23,-100,-20,-118,-17,-129,-31,-64,-34,-88,-33,-105,-30,-112,-39,-56,-41,-74,-40,-81,-39,-88,t
7,0,0,-6,-15,-16,-33,-24,-43,-33,-51,-6,-71,0,-102,4,-121,8,-138,-20,-71,-23,-101,-19,-120,-18,-131,-29,-66,-36,-87,-33,-107,-30,-114,-38,-59,-40,-78,-39,-85,-35,-92,t
8,0,0,-8,-13,-17,-31,-26,-42,-33,-49,-5,-69,1,-101,4,-120,8,-136,-19,-69,-23,-98,-19,-117,-16,-129,-29,-63,-34,-86,-31,-103,-29,-112,-37,-56,-38,-70,-39,-82,-38,-89,t
9,0,0,-7,-15,-17,-34,-25,-44,-33,-53,-5,-72,2,-104,5,-123,9,-138,-17,-73,-21,-103,-18,-120,-15,-131,-27,-68,-35,-87,-30,-105,-26,-59,-36,-63,-37,-72,-34,-79,-29,-55,t
10,0,0,-9,-16,-19,-35,-28,-46,-35,-56,-5,-72,2,-104,5,-123,8,-139,-16,-71,-21,-102,-17,-120,-14,-131,-27,-67,-33,-89,-31,-106,-28,-115,-35,-63,-37,-78,-35,-85,-31,-57,t
11,0,0,-8,-17,-17,-37,-26,-47,-34,-57,-2,-73,3,-105,6,-124,9,-139,-16,-72,-19,-103,-15,-121,-12,-131,-26,-66,-32,-90,-27,-106,-25,-116,-35,-58,-36,-76,-34,-84,-31,-58,t
12,0,0,-7,-17,-17,-37,-26,-47,-34,-57,-2,-74,3,-105,6,-124,9,-139,-16,-72,-19,-103,-15,-121,-12,-131,-26,-66,-32,-90,-27,-106,-25,-116,-35,-59,-36,-76,-34,-85,-31,-58,t
13,0,0,-1,-22,-7,-42,-21,-49,-372,-320,-1,-75,4,-107,7,-126,10,-142,-16,-72,-17,-104,-13,-122,-9,-132,-27,-66,-30,-91,-26,-107,-22,-117,-36,-59,-35,-80,-32,-84,-31,-59,t
14,0,0,-3,-24,2,-53,-373,-321,-373,-321,1,-78,4,-107,8,-126,10,-144,-13,-74,-14,-106,-8,-125,-5,-133,-23,-65,-30,-90,-30,-88,-26,-96,-29,-54,-42,-61,-40,-62,-37,-63,t
15,0,0,-10,-23,-19,-48,-373,-323,-373,-323,3,-76,4,-110,7,-131,8,-148,-7,-69,-13,-108,-7,-126,-5,-135,-15,-61,-26,-92,-29,-84,-15,-119,-25,-52,-41,-65,-41,-66,-38,-66,t
16,0,0,-11,-20,-19,-47,-27,-59,-38,-71,5,-72,4,-108,7,-129,6,-148,-4,-66,-10,-105,-5,-126,-4,-135,-13,-60,-24,-92,-29,-85,-12,-120,-21,-50,-41,-68,-42,-69,-40,-69,t
17,0,0,-6,-23,-15,-51,-11,-65,-374,-323,7,-73,4,-108,4,-130,4,-149,-3,-68,-8,-105,-5,-125,-374,-323,-12,-61,-22,-93,-28,-88,-28,-73,-21,-53,-39,-72,-41,-75,-40,-75,t
18,0,0,-6,-23,-15,-52,-11,-63,-374,-323,6,-73,4,-108,4,-130,4,-149,-4,-69,-9,-105,-5,-125,-374,-323,-13,-63,-22,-93,-27,-89,-27,-74,-26,-57,-41,-74,-41,-76,-39,-74,t
19,0,0,-1,-24,-3,-50,-6,-63,-373,-322,11,-72,6,-104,3,-125,0,-142,-1,-68,-5,-101,-3,-119,2,-137,-12,-65,-18,-93,-21,-93,-20,-92,-24,-61,-37,-78,-38,-81,-36,-80,t
20,0,0,-7,-23,-13,-51,-21,-73,-33,-89,15,-72,10,-100,9,-120,15,-137,10,-68,0,-101,4,-122,4,-141,0,-63,-9,-95,0,-113,2,-124,-7,-61,-11,-88,-26,-85,-31,-89,t
21,0,0,-3,-24,-9,-51,-19,-74,-31,-91,19,-69,9,-98,8,-117,18,-136,12,-64,2,-97,5,-117,0,-132,2,-58,-8,-91,-21,-84,-28,-83,-8,-58,-11,-82,-25,-87,-28,-89,t
22,0,0,1,-26,-3,-52,-16,-75,-28,-93,20,-69,8,-100,16,-121,21,-135,15,-66,4,-99,-5,-114,-7,-122,7,-60,1,-94,-4,-105,-4,-119,0,-59,-8,-78,-18,-87,-23,-97,t
23,0,0,1,-24,-3,-49,-13,-73,-26,-93,21,-67,9,-97,18,-119,24,-134,17,-66,5,-97,-6,-109,-9,-116,12,-61,3,-93,-5,-100,-23,-93,4,-59,8,-83,-22,-88,-22,-92,t
24,0,0,2,-25,-2,-51,-13,-74,-26,-94,21,-69,9,-99,18,-120,23,-135,17,-67,5,-99,-6,-110,-8,-118,12,-62,3,-96,-4,-102,-5,-117,4,-60,-7,-76,-13,-87,-22,-93,t
25,0,0,3,-25,-1,-50,-11,-73,-24,-93,22,-67,10,-96,18,-118,24,-135,18,-67,8,-98,15,-119,-11,-110,14,-63,5,-93,-2,-105,-6,-111,6,-60,5,-85,-19,-87,-21,-91,t
26,0,0,5,-26,0,-52,-9,-75,-21,-94,24,-67,14,-101,21,-120,27,-136,20,-67,12,-102,6,-116,-11,-106,13,-62,4,-92,0,-102,-7,-109,2,-60,-7,-74,-16,-89,-17,-95,t
27,0,0,4,-26,1,-53,-9,-76,-21,-95,24,-68,14,-100,22,-120,28,-135,19,-69,11,-103,8,-117,-10,-103,16,-66,1,-93,6,-110,-7,-106,3,-63,-3,-86,-11,-90,-18,-93,t
28,0,0,5,-27,3,-54,-6,-77,-18,-96,26,-68,16,-101,25,-121,31,-136,20,-67,13,-103,11,-117,17,-122,12,-62,0,-95,9,-110,-4,-104,1,-62,-4,-83,-15,-89,-17,-93,t
29,0,0,6,-25,3,-52,-8,-77,-11,-98,26,-66,13,-94,23,-119,29,-135,18,-66,12,-103,9,-115,28,-133,10,-64,-4,-93,7,-111,13,-121,0,-60,-12,-79,-14,-90,-16,-95,t
30,0,0,8,-26,4,-54,-6,-79,-9,-99,28,-67,16,-101,26,-121,31,-136,19,-67,12,-104,11,-117,17,-122,9,-63,-2,-94,9,-110,15,-120,0,-60,-10,-80,-12,-91,-13,-97,t
31,0,0,6,-27,3,-56,-7,-79,-13,-98,28,-67,14,-90,24,-120,30,-135,21,-67,15,-105,23,-121,31,-137,12,-64,0,-92,9,-114,13,-122,0,-62,-12,-81,-11,-92,-13,-96,t
32,0,0,6,-28,3,-55,-6,-81,-14,-99,28,-67,15,-89,23,-119,30,-134,20,-68,16,-105,23,-122,31,-137,12,-65,1,-91,8,-114,14,-122,1,-62,-8,-79,-11,-93,-11,-96,t
33,0,0,9,-27,6,-55,-5,-82,-11,-99,28,-67,16,-87,24,-119,30,-133,14,-70,17,-106,24,-122,32,-137,0,-64,0,-91,9,-114,14,-122,-17,-56,-13,-80,-13,-92,-13,-99,t
34,0,0,10,-28,5,-56,-5,-82,-11,-98,27,-67,15,-85,24,-121,29,-134,12,-70,16,-105,23,-122,31,-137,-3,-64,-1,-93,9,-114,13,-121,-19,-56,-14,-80,-13,-90,-13,-98,t
35,0,0,11,-27,7,-55,-4,-81,-11,-97,26,-67,17,-105,24,-122,29,-136,9,-70,9,-102,10,-115,15,-123,-5,-62,-3,-91,4,-107,13,-120,-19,-55,-14,-78,-12,-88,-12,-99,t
36,0,0,12,-28,6,-56,-4,-81,-10,-97,26,-68,17,-105,24,-122,29,-136,8,-71,8,-102,11,-116,16,-123,-5,-63,-3,-92,4,-107,13,-120,-19,-55,-15,-78,-13,-88,-12,-99,t
37,0,0,16,-29,29,-65,15,-85,-7,-94,16,-78,17,-106,23,-122,27,-134,6,-73,13,-106,22,-123,28,-136,-6,-67,-5,-95,5,-112,13,-122,-20,-57,-14,-82,-13,-96,-8,-101,t
38,0,0,18,-30,29,-64,15,-82,-5,-87,15,-76,13,-105,19,-122,23,-136,1,-70,8,-105,16,-122,23,-137,-10,-65,-10,-93,2,-112,9,-122,-22,-57,-18,-79,-14,-92,-8,-98,t
39,0,0,19,-31,30,-65,20,-84,1,-89,21,-75,20,-89,11,-92,19,-131,7,-72,13,-107,19,-126,21,-140,-7,-70,-5,-97,5,-120,9,-126,-21,-64,-16,-89,-14,-98,-11,-101,t
40,0,0,17,-28,29,-59,20,-76,6,-85,24,-67,22,-83,15,-84,7,-81,4,-72,9,-105,14,-124,15,-138,-11,-69,-7,-95,-1,-118,3,-126,-24,-64,-23,-84,-21,-96,-18,-103,t
41,0,0,16,-23,27,-45,25,-65,11,-81,15,-73,25,-82,22,-81,16,-77,0,-74,6,-103,9,-123,9,-137,-13,-70,-10,-97,-6,-116,-3,-126,-27,-63,-27,-83,-26,-94,-24,-104,t
42,0,0,16,-24,27,-52,24,-73,10,-82,14,-74,25,-83,22,-81,17,-78,0,-74,7,-103,9,-123,9,-138,-13,-71,-10,-97,-6,-115,-3,-126,-26,-64,-27,-84,-26,-94,-24,-104,t
43,0,0,15,-23,24,-45,21,-67,19,-86,16,-70,28,-83,17,-90,16,-93,1,-73,4,-104,4,-124,1,-140,-14,-71,-13,-100,-11,-117,-10,-130,-30,-64,-31,-86,-32,-98,-31,-109,t
44,0,0,16,-23,25,-47,20,-69,31,-79,15,-69,20,-88,22,-81,20,-83,0,-71,1,-104,0,-123,-4,-139,-16,-68,-15,-100,-15,-118,-15,-129,-31,-62,-33,-85,-34,-98,-35,-109,t
45,0,0,18,-25,27,-47,25,-69,43,-76,16,-69,26,-87,29,-79,41,-73,-2,-71,-1,-106,-4,-125,-11,-141,-17,-68,-18,-101,-19,-119,-22,-132,-31,-62,-34,-86,-38,-99,-39,-111,t
46,0,0,18,-25,29,-47,31,-72,51,-76,7,-70,30,-85,32,-79,37,-82,-6,-71,-5,-106,-10,-126,-18,-142,-19,-68,-20,-99,-25,-118,-30,-133,-31,-60,-35,-84,-40,-98,-44,-111,t
47,0,0,18,-26,29,-46,35,-72,58,-74,5,-70,31,-79,39,-78,45,-81,-8,-70,-6,-105,-14,-127,-22,-143,-18,-66,-20,-99,-26,-118,-33,-134,-28,-59,-33,-84,-39,-97,-45,-111,t
48,0,0,18,-26,29,-46,35,-71,57,-74,6,-70,32,-79,39,-79,44,-80,-7,-71,-6,-105,-14,-127,-23,-144,-18,-67,-20,-99,-26,-118,-33,-134,-28,-60,-33,-84,-39,-97,-45,-111,t
49,0,0,18,-23,29,-44,36,-68,62,-71,6,-69,-3,-102,-11,-123,-18,-138,-7,-69,-12,-101,-17,-126,-23,-143,-16,-64,-19,-97,-25,-117,-33,-133,-24,-56,-31,-82,-36,-95,-43,-110,t
50,0,0,19,-22,30,-42,42,-66,66,-68,8,-66,30,-74,48,-73,55,-75,-2,-68,-2,-101,-12,-126,-22,-142,-12,-64,-15,-95,-22,-116,-33,-132,-19,-55,-26,-81,-32,-94,-39,-108,t
51,0,0,18,-18,29,-37,45,-62,66,-64,7,-63,31,-69,50,-68,59,-68,-2,-65,-2,-98,-10,-123,-21,-139,-11,-61,-13,-93,-21,-114,-31,-130,-17,-52,-24,-78,-30,-92,-37,-106,t
52,0,0,19,-22,32,-41,49,-64,71,-67,10,-66,35,-73,54,-71,63,-68,1,-69,3,-102,-6,-129,-15,-145,-6,-67,-8,-98,-15,-120,-25,-135,-12,-60,-17,-85,-23,-98,-30,-112,t
53,0,0,19,-21,33,-41,49,-62,72,-66,10,-67,36,-72,55,-70,65,-68,2,-70,4,-102,-4,-129,-13,-146,-4,-66,-5,-98,-12,-120,-22,-136,-9,-58,-14,-85,-20,-99,-26,-113,t
54,0,0,19,-21,33,-41,49,-62,72,-66,10,-67,36,-72,56,-70,65,-68,2,-70,4,-102,-4,-129,-13,-146,-4,-66,-5,-98,-12,-120,-22,-136,-9,-58,-14,-85,-20,-99,-26,-113,t
55,0,0,20,-21,32,-40,50,-61,71,-63,8,-64,36,-70,53,-66,66,-65,2,-68,5,-100,-3,-127,-12,-143,-4,-66,-4,-98,-11,-119,-22,-135,-7,-60,-13,-85,-18,-99,-24,-112,t
56,0,0,20,-22,33,-42,49,-63,73,-64,10,-68,38,-73,3,-126,-1,-132,4,-72,7,-104,-2,-129,-9,-146,-1,-69,-1,-101,-8,-122,-18,-138,-5,-61,-9,-89,-14,-102,-21,-116,t
57,0,0,19,-21,33,-42,50,-61,73,-63,10,-66,37,-72,59,-69,66,-65,4,-71,7,-102,-1,-129,-9,-335,-1,-71,-1,-100,-8,-121,-18,-136,-4,-68,-9,-88,-14,-101,-20,-114,t
58,0,0,19,-20,32,-42,49,-62,72,-64,10,-67,36,-73,53,-68,66,-67,4,-71,7,-103,-2,-129,-10,-343,-1,-71,0,-101,-9,-121,-19,-136,-4,-69,-9,-88,-14,-101,-21,-113,t
59,0,0,20,-19,33,-42,50,-62,73,-62,11,-66,36,-73,50,-66,66,-66,6,-68,7,-101,-3,-126,-14,-351,0,-67,0,-99,-9,-121,-18,-136,-5,-62,-9,-88,-15,-101,-22,-113,t
60,0,0,19,-19,32,-41,48,-62,72,-63,10,-66,35,-72,59,-70,65,-66,4,-69,6,-101,-4,-126,-10,-351,-2,-67,-2,-99,-11,-121,-20,-136,-6,-60,-11,-88,-16,-101,-23,-114,t
61,0,0,19,-20,33,-42,49,-63,73,-64,12,-68,37,-74,51,-68,65,-67,5,-71,6,-103,-1,-127,-7,-358,0,-70,0,-99,-8,-118,-3,-358,-3,-67,-9,-88,-14,-101,-20,-112,t
62,0,0,18,-20,31,-42,49,-63,71,-64,11,-67,37,-73,52,-68,65,-68,5,-70,5,-102,-5,-126,-10,-362,-1,-70,-1,-98,-10,-117,-5,-362,-5,-68,-11,-88,-16,-100,-22,-110,t
63,0,0,18,-20,31,-43,48,-65,71,-66,10,-70,36,-75,51,-71,65,-69,4,-69,2,-100,-449,-367,-449,-367,-2,-66,-2,-97,-9,-113,-449,-367,-6,-57,-11,-87,-17,-101,-24,-111,t
64,0,0,18,-21,30,-44,49,-67,70,-67,9,-70,35,-75,53,-72,65,-72,3,-70,1,-103,-10,-124,-449,-368,-3,-68,-4,-98,-11,-116,-449,-368,-7,-59,-13,-88,-19,-101,-26,-111,t
65,0,0,21,-21,30,-44,59,-73,71,-65,9,-71,3,-102,-450,-367,-450,-367,1,-71,-1,-100,-10,-123,-450,-367,-4,-65,-6,-97,-12,-113,-450,-367,-8,-57,-15,-88,-21,-101,-27,-112,t
66,0,0,21,-21,29,-44,59,-73,70,-65,9,-71,36,-72,52,-72,-450,-367,1,-71,-1,-100,-11,-123,-450,-367,-4,-66,-6,-97,-11,-112,-450,-367,-8,-57,-15,-88,-21,-101,-27,-112,t
67,0,0,19,-20,28,-42,46,-65,69,-64,7,-69,33,-72,48,-69,-451,-364,1,-68,-2,-97,-451,-364,-451,-364,-4,-64,-7,-95,-451,-364,-451,-364,-9,-57,-16,-87,-22,-100,-28,-110,t
68,0,0,18,-20,29,-42,45,-63,69,-62,7,-69,2,-101,-5,-120,-12,-361,0,-69,-1,-101,-10,-124,-17,-361,-5,-65,-7,-98,-16,-115,-20,-361,-10,-57,-15,-86,-22,-99,-28,-110,t
69,0,0,17,-21,29,-42,47,-64,69,-63,7,-68,34,-72,47,-67,-450,-360,0,-69,1,-101,-9,-124,-450,-360,-5,-65,-5,-98,-12,-116,-10,-360,-9,-56,-15,-87,-21,-100,-27,-111,t
70,0,0,17,-20,29,-42,46,-64,69,-62,7,-68,34,-72,47,-67,-450,-359,0,-68,1,-100,-9,-124,-13,-359,-5,-65,-6,-97,-15,-115,-17,-359,-10,-56,-14,-86,-21,-99,-27,-111,t
71,0,0,18,-19,31,-42,49,-64,71,-62,9,-68,36,-73,49,-67,-448,-359,2,-68,2,-97,-448,-359,-448,-359,-4,-63,-3,-94,-448,-359,-448,-359,-8,-55,-12,-87,-19,-100,-25,-111,t
72,0,0,18,-19,32,-42,49,-64,71,-62,9,-68,36,-73,49,-67,-448,-359,2,-68,2,-97,-448,-359,-448,-359,-3,-63,-3,-94,-9,-112,-448,-359,-8,-55,-12,-87,-19,-100,-25,-111,t
73,0,0,19,-20,33,-44,50,-66,72,-64,10,-71,37,-75,50,-69,-447,-361,3,-72,4,-103,-3,-128,-8,-361,-2,-67,-2,-100,-9,-118,-14,-361,-7,-58,-11,-90,-17,-103,-23,-114,t
74,0,0,18,-22,30,-43,48,-65,70,-63,8,-70,36,-74,48,-68,-449,-360,1,-72,3,-103,-10,-125,-19,-360,-4,-66,-4,-100,-12,-119,-21,-360,-8,-57,-13,-89,-19,-102,-25,-114,t
75,0,0,18,-21,30,-44,47,-66,70,-63,9,-70,37,-73,47,-68,-26,-115,1,-70,2,-101,-9,-124,-449,-360,-4,-65,-4,-99,-11,-116,-449,-360,-8,-56,-13,-89,-19,-102,-24,-113,t
76,0,0,18,-21,30,-42,49,-64,70,-61,8,-70,5,-102,-1,-121,-10,-358,1,-71,3,-102,-11,-123,-21,-358,-4,-65,-4,-99,-12,-118,-22,-358,-8,-56,-12,-87,-18,-100,-25,-112,t
77,0,0,18,-20,31,-42,49,-64,71,-61,10,-69,36,-72,1,-122,-8,-358,2,-70,4,-102,-9,-124,-20,-358,-3,-66,-3,-100,-11,-119,-21,-358,-8,-56,-12,-89,-17,-101,-23,-113,t
78,0,0,18,-20,31,-42,49,-64,71,-61,10,-69,36,-72,1,-122,-7,-358,2,-70,4,-102,-9,-124,-20,-358,-3,-66,-3,-100,-11,-119,-21,-358,-7,-56,-12,-89,-17,-101,-23,-113,t
79,0,0,18,-20,31,-42,48,-64,71,-62,9,-69,37,-72,49,-68,-5,-357,2,-70,3,-102,-5,-127,-12,-357,-4,-66,-3,-99,-11,-119,-16,-357,-8,-56,-12,-88,-17,-101,-23,-113,t
0,0,0,21,11,40,25,56,41,75,57,11,40,17,42,17,45,-91,53,-15,46,-107,-479,-107,-479,-107,-479,-107,-479,-107,-479,-107,-479,-107,-479,-107,-479,-107,-479,-107,-479,-107,-479,
1,0,0,7,-8,18,18,-19,-48,-31,-68,-107,-508,-70,-16,-85,-13,-98,-13,-107,-508,-107,-508,-107,-508,-107,-508,-72,10,-107,-508,-107,-508,-107,-508,-70,20,-107,-508,-107,-508,-107,-508,
2,0,0,-9,-23,-23,-53,-34,-84,-48,-111,-98,-504,-98,-504,-98,-504,-98,-504,-98,-504,-98,-504,-98,-504,-98,-504,-98,-504,-98,-504,-98,-504,-98,-504,-98,-504,-98,-504,-98,-504,-98,-504,
3,0,0,-14,-32,-18,-63,-29,-108,-35,-136,-87,-476,-87,-476,-87,-476,-87,-476,-87,-476,-87,-476,-87,-476,-87,-476,-87,-476,-87,-476,-87,-476,-87,-476,-87,-476,-87,-476,-87,-476,-87,-476,
4,0,0,20,-26,41,-36,42,-37,42,-47,-82,-466,-82,-466,-82,-466,-82,-466,-82,-466,-82,-466,-82,-466,-82,-466,-82,-466,-82,-466,-82,-466,-82,-466,-82,-466,-82,-466,-82,-466,-82,-466,
5,0,0,20,-38,35,-56,53,-60,70,-78,-12,-89,-5,-106,-13,-147,-9,-183,-39,-63,-80,-441,-80,-441,-80,-441,-27,-31,-80,-441,-80,-441,-80,-441,-8,-14,-80,-441,-6,-14,-80,-441,
6,0,0,28,-37,55,-55,77,-65,95,-80,13,-94,-5,-138,-2,-162,12,-184,-5,-75,-77,-406,-77,-406,-77,-406,-77,-406,-77,-406,-77,-406,-77,-406,-77,-406,-9,-144,-4,-167,14,-184,
7,0,0,34,-38,70,-64,95,-71,110,-82,8,-99,0,-145,10,-170,31,-187,-2,-84,26,-105,64,-97,-79,-386,0,-64,24,-82,40,-83,61,-63,10,-44,19,-51,32,-52,33,-187,
8,0,0,6,-41,20,-73,-84,-366,-84,-366,10,-94,8,-143,21,-168,46,-181,9,-81,48,-110,83,-97,116,-80,14,-62,50,-86,86,-77,114,-73,24,-45,57,-62,79,-58,98,-58,
9,0,0,9,-38,31,-67,-91,-345,-91,-345,19,-85,16,-136,32,-159,58,-168,19,-69,60,-99,94,-84,109,-69,25,-54,64,-75,96,-64,119,-56,32,-37,69,-50,90,-46,104,-44,
11,0,0,17,-43,36,-78,58,-82,74,-110,34,-89,32,-139,51,-160,80,-164,36,-70,82,-97,109,-80,122,-57,42,-52,85,-75,110,-61,118,-48,50,-34,84,-50,102,-44,109,-37,
14,0,0,15,-41,34,-80,62,-87,88,-79,37,-93,38,-142,59,-160,87,-158,41,-77,89,-98,113,-81,121,-61,47,-62,94,-77,113,-60,118,-49,56,-43,90,-52,104,-43,104,-33,
15,0,0,13,-40,34,-83,62,-91,91,-80,36,-94,38,-146,61,-164,88,-159,41,-80,90,-100,115,-82,122,-63,48,-64,96,-77,116,-61,117,-48,59,-46,93,-52,105,-43,104,-34,
16,0,0,12,-38,32,-81,61,-88,-111,-365,36,-93,38,-145,61,-162,87,-157,40,-78,91,-97,114,-79,120,-61,48,-62,97,-73,116,-58,115,-47,59,-43,93,-48,105,-40,103,-32,
17,0,0,10,-40,28,-81,60,-93,-112,-379,35,-97,36,-149,59,-167,86,-162,40,-83,91,-99,114,-83,120,-65,48,-65,97,-77,116,-63,117,-52,60,-46,92,-52,104,-45,104,-37,
18,0,0,10,-40,31,-81,59,-87,119,-61,33,-93,34,-148,57,-165,83,-161,37,-79,89,-96,114,-80,120,-62,46,-61,96,-73,114,-60,115,-50,58,-41,92,-48,103,-42,104,-33,
19,0,0,9,-39,27,-81,56,-88,119,-59,31,-91,32,-145,54,-162,81,-159,36,-77,88,-93,112,-80,120,-61,44,-59,95,-71,113,-60,114,-50,57,-41,92,-48,103,-42,103,-34,
20,0,0,10,-39,27,-79,58,-85,120,-61,32,-92,33,-145,55,-163,81,-160,37,-78,90,-94,114,-80,122,-62,46,-59,98,-71,115,-60,115,-51,58,-40,93,-48,105,-43,105,-36,
21,0,0,9,-39,26,-80,57,-85,119,-63,32,-93,31,-147,53,-164,80,-163,36,-78,89,-95,113,-83,121,-65,44,-59,97,-73,114,-63,115,-53,56,-40,92,-51,104,-46,105,-39,
22,0,0,9,-38,26,-78,56,-85,119,-61,31,-91,30,-144,52,-162,80,-161,36,-75,88,-93,113,-80,121,-62,44,-57,96,-71,114,-60,114,-51,56,-38,93,-48,104,-43,104,-36,
23,0,0,8,-38,26,-78,56,-85,119,-61,31,-91,31,-145,53,-162,80,-161,36,-76,88,-93,113,-81,121,-63,44,-58,96,-72,114,-61,114,-51,56,-39,92,-49,104,-44,105,-36,
24,0,0,8,-38,25,-78,56,-87,119,-61,31,-91,32,-145,54,-161,81,-160,37,-76,88,-93,113,-81,121,-62,44,-58,96,-72,114,-61,115,-50,56,-39,92,-50,104,-44,105,-36,
25,0,0,9,-39,27,-79,57,-86,120,-62,32,-93,32,-147,55,-163,82,-161,37,-77,89,-95,114,-83,122,-64,45,-60,97,-74,115,-62,116,-51,57,-41,93,-51,105,-45,106,-37,
26,0,0,11,-39,27,-79,57,-84,120,-60,32,-91,32,-145,55,-162,82,-160,38,-75,88,-94,113,-80,120,-61,45,-58,96,-72,114,-59,113,-49,56,-40,92,-48,105,-43,105,-35,
27,0,0,10,-39,26,-79,56,-83,118,-60,31,-90,31,-145,54,-162,80,-159,36,-74,86,-93,111,-79,118,-62,44,-58,94,-72,112,-59,113,-50,55,-39,91,-47,104,-42,104,-34,
28,0,0,12,-39,28,-78,58,-82,120,-60,33,-90,34,-145,56,-161,83,-160,38,-74,88,-93,113,-80,121,-62,45,-58,96,-72,114,-59,114,-49,57,-41,92,-49,105,-42,105,-35,
29,0,0,12,-41,29,-81,58,-83,118,-61,33,-93,33,-147,56,-163,82,-161,37,-77,88,-94,112,-81,120,-62,45,-60,95,-74,113,-60,113,-50,56,-43,91,-51,104,-44,104,-36,
30,0,0,12,-39,28,-79,58,-80,115,-58,32,-89,32,-143,55,-160,82,-158,37,-73,87,-91,112,-77,118,-58,45,-56,94,-70,112,-57,112,-47,56,-39,91,-47,103,-40,103,-33,
31,0,0,12,-40,29,-81,56,-86,118,-61,31,-92,32,-145,55,-163,81,-160,37,-76,85,-95,111,-81,118,-65,45,-60,94,-73,113,-62,114,-53,57,-42,90,-49,103,-43,105,-36,
32,0,0,10,-39,25,-81,54,-87,118,-63,29,-92,32,-146,56,-162,83,-160,35,-78,84,-96,110,-82,120,-64,42,-61,92,-75,112,-62,113,-52,54,-44,89,-51,103,-45,105,-38,
33,0,0,10,-41,26,-81,54,-85,117,-65,28,-94,35,-145,61,-159,88,-156,30,-78,81,-99,108,-84,117,-65,39,-59,89,-76,109,-63,111,-52,51,-41,87,-51,103,-46,105,-39,
34,0,0,15,-46,36,-90,-104,-407,121,-71,31,-105,49,-149,76,-157,101,-152,33,-86,80,-107,109,-92,124,-73,41,-64,89,-83,112,-71,117,-58,53,-44,90,-58,105,-53,110,-48,
35,0,0,19,-45,41,-92,-104,-423,-104,-423,37,-105,65,-143,95,-145,118,-137,39,-85,87,-105,113,-90,127,-76,45,-62,94,-80,115,-68,120,-58,58,-40,93,-54,109,-50,112,-46,
36,0,0,25,-51,45,-89,88,-110,-108,-439,39,-101,79,-131,115,-124,129,-110,42,-80,97,-96,122,-81,124,-67,47,-54,99,-70,118,-58,123,-49,57,-30,96,-42,109,-38,116,-33,
37,0,0,17,-44,43,-86,84,-105,114,-98,39,-97,86,-124,119,-116,127,-101,45,-74,104,-86,127,-79,130,-72,50,-47,103,-60,123,-55,125,-52,58,-22,99,-35,110,-33,113,-30,
38,0,0,-11,-6,-25,-8,-33,-10,-37,-7,41,-88,84,-109,119,-102,128,-97,45,-61,92,-75,113,-78,115,-73,51,-37,96,-43,118,-53,116,-57,61,-15,96,-21,110,-29,123,-42,
